tool,script,language,grammar,string,length,algorithm,result,...
1,2024-08-30,15:28:33,gtb_mgw32_gcc_O3.exe,brnglr_lr1.gtb,1,COBOL,rhul/et1/cob_rob.gtb,rhul/et1/cob_str.tok,******: Fatal - ran out of dfa table space: try a larger value for paramater 2
2,2024-08-30,15:28:51,gtb_mgw32_gcc_O3.exe,brnglr_lr1.gtb,2,COBOL,rhul/et1/cob_rob.gtb,rhul/et1/cob_str.tok,******: Fatal - ran out of dfa table space: try a larger value for paramater 2
3,2024-08-30,15:29:08,gtb_mgw32_gcc_O3.exe,brnglr_lr1.gtb,3,COBOL,rhul/et1/cob_rob.gtb,rhul/et1/cob_str.tok,******: Fatal - ran out of dfa table space: try a larger value for paramater 2
4,2024-08-30,15:29:25,gtb_mgw32_gcc_O3.exe,brnglr_lr1.gtb,4,COBOL,rhul/et1/cob_rob.gtb,rhul/et1/cob_str.tok,******: Fatal - ran out of dfa table space: try a larger value for paramater 2
5,2024-08-30,15:29:43,gtb_mgw32_gcc_O3.exe,brnglr_lr1.gtb,5,COBOL,rhul/et1/cob_rob.gtb,rhul/et1/cob_str.tok,******: Fatal - ran out of dfa table space: try a larger value for paramater 2
6,2024-08-30,15:30:01,gtb_mgw32_gcc_O3.exe,brnglr_lr1.gtb,6,COBOL,rhul/et1/cob_rob.gtb,rhul/et1/cob_str.tok,******: Fatal - ran out of dfa table space: try a larger value for paramater 2
7,2024-08-30,15:30:19,gtb_mgw32_gcc_O3.exe,brnglr_lr1.gtb,7,COBOL,rhul/et1/cob_rob.gtb,rhul/et1/cob_str.tok,******: Fatal - ran out of dfa table space: try a larger value for paramater 2
8,2024-08-30,15:30:37,gtb_mgw32_gcc_O3.exe,brnglr_lr1.gtb,8,COBOL,rhul/et1/cob_rob.gtb,rhul/et1/cob_str.tok,******: Fatal - ran out of dfa table space: try a larger value for paramater 2
9,2024-08-30,15:30:55,gtb_mgw32_gcc_O3.exe,brnglr_lr1.gtb,9,COBOL,rhul/et1/cob_rob.gtb,rhul/et1/cob_str.tok,******: Fatal - ran out of dfa table space: try a larger value for paramater 2
10,2024-08-30,15:31:14,gtb_mgw32_gcc_O3.exe,brnglr_lr1.gtb,10,COBOL,rhul/et1/cob_rob.gtb,rhul/et1/cob_str.tok,******: Fatal - ran out of dfa table space: try a larger value for paramater 2
11,2024-08-30,15:31:32,gtb_mgw32_gcc_O3.exe,brnglr_lr1.gtb,11,COBOL,rhul/et1/cob_rob.gtb,rhul/et1/cob_str.tok,******: Fatal - ran out of dfa table space: try a larger value for paramater 2
12,2024-08-30,15:31:51,gtb_mgw32_gcc_O3.exe,brnglr_lr1.gtb,12,COBOL,rhul/et1/cob_rob.gtb,rhul/et1/cob_str.tok,******: Fatal - ran out of dfa table space: try a larger value for paramater 2
13,2024-08-30,15:32:10,gtb_mgw32_gcc_O3.exe,brnglr_lr1.gtb,13,COBOL,rhul/et1/cob_rob.gtb,rhul/et1/cob_str.tok,******: Fatal - ran out of dfa table space: try a larger value for paramater 2
14,2024-08-30,15:32:29,gtb_mgw32_gcc_O3.exe,brnglr_lr1.gtb,14,COBOL,rhul/et1/cob_rob.gtb,rhul/et1/cob_str.tok,******: Fatal - ran out of dfa table space: try a larger value for paramater 2
15,2024-08-30,15:32:48,gtb_mgw32_gcc_O3.exe,brnglr_lr1.gtb,15,COBOL,rhul/et1/cob_rob.gtb,rhul/et1/cob_str.tok,******: Fatal - ran out of dfa table space: try a larger value for paramater 2
16,2024-08-30,15:33:07,gtb_mgw32_gcc_O3.exe,brnglr_lr1.gtb,16,COBOL,rhul/et1/cob_rob.gtb,rhul/et1/cob_str.tok,******: Fatal - ran out of dfa table space: try a larger value for paramater 2
17,2024-08-30,15:33:26,gtb_mgw32_gcc_O3.exe,brnglr_lr1.gtb,17,COBOL,rhul/et1/cob_rob.gtb,rhul/et1/cob_str.tok,******: Fatal - ran out of dfa table space: try a larger value for paramater 2
18,2024-08-30,15:33:44,gtb_mgw32_gcc_O3.exe,brnglr_lr1.gtb,18,COBOL,rhul/et1/cob_rob.gtb,rhul/et1/cob_str.tok,******: Fatal - ran out of dfa table space: try a larger value for paramater 2
19,2024-08-30,15:34:03,gtb_mgw32_gcc_O3.exe,brnglr_lr1.gtb,19,COBOL,rhul/et1/cob_rob.gtb,rhul/et1/cob_str.tok,******: Fatal - ran out of dfa table space: try a larger value for paramater 2
20,2024-08-30,15:34:22,gtb_mgw32_gcc_O3.exe,brnglr_lr1.gtb,20,COBOL,rhul/et1/cob_rob.gtb,rhul/et1/cob_str.tok,******: Fatal - ran out of dfa table space: try a larger value for paramater 2
21,2024-08-30,15:34:41,gtb_mgw32_gcc_O3.exe,brnglr_lr1.gtb,21,COBOL,rhul/et1/cob_rob.gtb,rhul/et1/cob_str.tok,******: Fatal - ran out of dfa table space: try a larger value for paramater 2
22,2024-08-30,15:34:59,gtb_mgw32_gcc_O3.exe,brnglr_lr1.gtb,22,COBOL,rhul/et1/cob_rob.gtb,rhul/et1/cob_str.tok,******: Fatal - ran out of dfa table space: try a larger value for paramater 2
23,2024-08-30,15:35:18,gtb_mgw32_gcc_O3.exe,brnglr_lr1.gtb,23,COBOL,rhul/et1/cob_rob.gtb,rhul/et1/cob_str.tok,******: Fatal - ran out of dfa table space: try a larger value for paramater 2
24,2024-08-30,15:35:37,gtb_mgw32_gcc_O3.exe,brnglr_lr1.gtb,24,COBOL,rhul/et1/cob_rob.gtb,rhul/et1/cob_str.tok,******: Fatal - ran out of dfa table space: try a larger value for paramater 2
25,2024-08-30,15:35:56,gtb_mgw32_gcc_O3.exe,brnglr_lr1.gtb,25,COBOL,rhul/et1/cob_rob.gtb,rhul/et1/cob_str.tok,******: Fatal - ran out of dfa table space: try a larger value for paramater 2
26,2024-08-30,15:36:14,gtb_mgw32_gcc_O3.exe,brnglr_lr1.gtb,26,COBOL,rhul/et1/cob_rob.gtb,rhul/et1/cob_str.tok,******: Fatal - ran out of dfa table space: try a larger value for paramater 2
27,2024-08-30,15:36:33,gtb_mgw32_gcc_O3.exe,brnglr_lr1.gtb,27,COBOL,rhul/et1/cob_rob.gtb,rhul/et1/cob_str.tok,******: Fatal - ran out of dfa table space: try a larger value for paramater 2
28,2024-08-30,15:36:52,gtb_mgw32_gcc_O3.exe,brnglr_lr1.gtb,28,COBOL,rhul/et1/cob_rob.gtb,rhul/et1/cob_str.tok,******: Fatal - ran out of dfa table space: try a larger value for paramater 2
29,2024-08-30,15:37:10,gtb_mgw32_gcc_O3.exe,brnglr_lr1.gtb,29,COBOL,rhul/et1/cob_rob.gtb,rhul/et1/cob_str.tok,******: Fatal - ran out of dfa table space: try a larger value for paramater 2
30,2024-08-30,15:37:29,gtb_mgw32_gcc_O3.exe,brnglr_lr1.gtb,30,COBOL,rhul/et1/cob_rob.gtb,rhul/et1/cob_str.tok,******: Fatal - ran out of dfa table space: try a larger value for paramater 2
31,2024-08-30,15:37:47,gtb_mgw32_gcc_O3_pool.exe,brnglr_lr1.gtb,1,COBOL,rhul/et1/cob_rob.gtb,rhul/et1/cob_str.tok,******: Fatal - ran out of dfa table space: try a larger value for paramater 2
32,2024-08-30,15:38:06,gtb_mgw32_gcc_O3_pool.exe,brnglr_lr1.gtb,2,COBOL,rhul/et1/cob_rob.gtb,rhul/et1/cob_str.tok,******: Fatal - ran out of dfa table space: try a larger value for paramater 2
33,2024-08-30,15:38:25,gtb_mgw32_gcc_O3_pool.exe,brnglr_lr1.gtb,3,COBOL,rhul/et1/cob_rob.gtb,rhul/et1/cob_str.tok,******: Fatal - ran out of dfa table space: try a larger value for paramater 2
34,2024-08-30,15:38:43,gtb_mgw32_gcc_O3_pool.exe,brnglr_lr1.gtb,4,COBOL,rhul/et1/cob_rob.gtb,rhul/et1/cob_str.tok,******: Fatal - ran out of dfa table space: try a larger value for paramater 2
35,2024-08-30,15:39:02,gtb_mgw32_gcc_O3_pool.exe,brnglr_lr1.gtb,5,COBOL,rhul/et1/cob_rob.gtb,rhul/et1/cob_str.tok,******: Fatal - ran out of dfa table space: try a larger value for paramater 2
36,2024-08-30,15:39:20,gtb_mgw32_gcc_O3_pool.exe,brnglr_lr1.gtb,6,COBOL,rhul/et1/cob_rob.gtb,rhul/et1/cob_str.tok,******: Fatal - ran out of dfa table space: try a larger value for paramater 2
37,2024-08-30,15:39:39,gtb_mgw32_gcc_O3_pool.exe,brnglr_lr1.gtb,7,COBOL,rhul/et1/cob_rob.gtb,rhul/et1/cob_str.tok,******: Fatal - ran out of dfa table space: try a larger value for paramater 2
38,2024-08-30,15:39:59,gtb_mgw32_gcc_O3_pool.exe,brnglr_lr1.gtb,8,COBOL,rhul/et1/cob_rob.gtb,rhul/et1/cob_str.tok,******: Fatal - ran out of dfa table space: try a larger value for paramater 2
39,2024-08-30,15:40:17,gtb_mgw32_gcc_O3_pool.exe,brnglr_lr1.gtb,9,COBOL,rhul/et1/cob_rob.gtb,rhul/et1/cob_str.tok,******: Fatal - ran out of dfa table space: try a larger value for paramater 2
40,2024-08-30,15:40:36,gtb_mgw32_gcc_O3_pool.exe,brnglr_lr1.gtb,10,COBOL,rhul/et1/cob_rob.gtb,rhul/et1/cob_str.tok,******: Fatal - ran out of dfa table space: try a larger value for paramater 2
41,2024-08-30,15:40:55,gtb_mgw32_gcc_O3_pool.exe,brnglr_lr1.gtb,11,COBOL,rhul/et1/cob_rob.gtb,rhul/et1/cob_str.tok,******: Fatal - ran out of dfa table space: try a larger value for paramater 2
42,2024-08-30,15:41:14,gtb_mgw32_gcc_O3_pool.exe,brnglr_lr1.gtb,12,COBOL,rhul/et1/cob_rob.gtb,rhul/et1/cob_str.tok,******: Fatal - ran out of dfa table space: try a larger value for paramater 2
43,2024-08-30,15:41:32,gtb_mgw32_gcc_O3_pool.exe,brnglr_lr1.gtb,13,COBOL,rhul/et1/cob_rob.gtb,rhul/et1/cob_str.tok,******: Fatal - ran out of dfa table space: try a larger value for paramater 2
44,2024-08-30,15:41:51,gtb_mgw32_gcc_O3_pool.exe,brnglr_lr1.gtb,14,COBOL,rhul/et1/cob_rob.gtb,rhul/et1/cob_str.tok,******: Fatal - ran out of dfa table space: try a larger value for paramater 2
45,2024-08-30,15:42:09,gtb_mgw32_gcc_O3_pool.exe,brnglr_lr1.gtb,15,COBOL,rhul/et1/cob_rob.gtb,rhul/et1/cob_str.tok,******: Fatal - ran out of dfa table space: try a larger value for paramater 2
46,2024-08-30,15:42:28,gtb_mgw32_gcc_O3_pool.exe,brnglr_lr1.gtb,16,COBOL,rhul/et1/cob_rob.gtb,rhul/et1/cob_str.tok,******: Fatal - ran out of dfa table space: try a larger value for paramater 2
47,2024-08-30,15:42:45,gtb_mgw32_gcc_O3_pool.exe,brnglr_lr1.gtb,17,COBOL,rhul/et1/cob_rob.gtb,rhul/et1/cob_str.tok,******: Fatal - ran out of dfa table space: try a larger value for paramater 2
48,2024-08-30,15:43:03,gtb_mgw32_gcc_O3_pool.exe,brnglr_lr1.gtb,18,COBOL,rhul/et1/cob_rob.gtb,rhul/et1/cob_str.tok,******: Fatal - ran out of dfa table space: try a larger value for paramater 2
49,2024-08-30,15:43:21,gtb_mgw32_gcc_O3_pool.exe,brnglr_lr1.gtb,19,COBOL,rhul/et1/cob_rob.gtb,rhul/et1/cob_str.tok,******: Fatal - ran out of dfa table space: try a larger value for paramater 2
50,2024-08-30,15:43:39,gtb_mgw32_gcc_O3_pool.exe,brnglr_lr1.gtb,20,COBOL,rhul/et1/cob_rob.gtb,rhul/et1/cob_str.tok,******: Fatal - ran out of dfa table space: try a larger value for paramater 2
51,2024-08-30,15:43:56,gtb_mgw32_gcc_O3_pool.exe,brnglr_lr1.gtb,21,COBOL,rhul/et1/cob_rob.gtb,rhul/et1/cob_str.tok,******: Fatal - ran out of dfa table space: try a larger value for paramater 2
52,2024-08-30,15:44:14,gtb_mgw32_gcc_O3_pool.exe,brnglr_lr1.gtb,22,COBOL,rhul/et1/cob_rob.gtb,rhul/et1/cob_str.tok,******: Fatal - ran out of dfa table space: try a larger value for paramater 2
53,2024-08-30,15:44:32,gtb_mgw32_gcc_O3_pool.exe,brnglr_lr1.gtb,23,COBOL,rhul/et1/cob_rob.gtb,rhul/et1/cob_str.tok,******: Fatal - ran out of dfa table space: try a larger value for paramater 2
54,2024-08-30,15:44:50,gtb_mgw32_gcc_O3_pool.exe,brnglr_lr1.gtb,24,COBOL,rhul/et1/cob_rob.gtb,rhul/et1/cob_str.tok,******: Fatal - ran out of dfa table space: try a larger value for paramater 2
55,2024-08-30,15:45:07,gtb_mgw32_gcc_O3_pool.exe,brnglr_lr1.gtb,25,COBOL,rhul/et1/cob_rob.gtb,rhul/et1/cob_str.tok,******: Fatal - ran out of dfa table space: try a larger value for paramater 2
56,2024-08-30,15:45:25,gtb_mgw32_gcc_O3_pool.exe,brnglr_lr1.gtb,26,COBOL,rhul/et1/cob_rob.gtb,rhul/et1/cob_str.tok,******: Fatal - ran out of dfa table space: try a larger value for paramater 2
57,2024-08-30,15:45:43,gtb_mgw32_gcc_O3_pool.exe,brnglr_lr1.gtb,27,COBOL,rhul/et1/cob_rob.gtb,rhul/et1/cob_str.tok,******: Fatal - ran out of dfa table space: try a larger value for paramater 2
58,2024-08-30,15:46:01,gtb_mgw32_gcc_O3_pool.exe,brnglr_lr1.gtb,28,COBOL,rhul/et1/cob_rob.gtb,rhul/et1/cob_str.tok,******: Fatal - ran out of dfa table space: try a larger value for paramater 2
59,2024-08-30,15:46:18,gtb_mgw32_gcc_O3_pool.exe,brnglr_lr1.gtb,29,COBOL,rhul/et1/cob_rob.gtb,rhul/et1/cob_str.tok,******: Fatal - ran out of dfa table space: try a larger value for paramater 2
60,2024-08-30,15:46:36,gtb_mgw32_gcc_O3_pool.exe,brnglr_lr1.gtb,30,COBOL,rhul/et1/cob_rob.gtb,rhul/et1/cob_str.tok,******: Fatal - ran out of dfa table space: try a larger value for paramater 2
61,2024-08-30,15:46:54,gtb_mgw32_gcc_O3.exe,brnglr_slr1.gtb,1,COBOL,rhul/et1/cob_rob.gtb,rhul/et1/cob_str.tok,16047,BRNLGR (GTB with standard memory allocator),accept,OK,0.540,32.431,0.000,14.989,0.000,0.000,0.000,0.000,2197,2196,1,0
62,2024-08-30,15:46:56,gtb_mgw32_gcc_O3.exe,brnglr_slr1.gtb,2,COBOL,rhul/et1/cob_rob.gtb,rhul/et1/cob_str.tok,16047,BRNLGR (GTB with standard memory allocator),accept,OK,0.552,32.984,0.000,14.843,0.000,0.000,0.000,0.000,2197,2196,1,0
63,2024-08-30,15:46:59,gtb_mgw32_gcc_O3.exe,brnglr_slr1.gtb,3,COBOL,rhul/et1/cob_rob.gtb,rhul/et1/cob_str.tok,16047,BRNLGR (GTB with standard memory allocator),accept,OK,0.547,33.064,0.000,14.584,0.000,0.000,0.000,0.000,2197,2196,1,0
64,2024-08-30,15:47:01,gtb_mgw32_gcc_O3.exe,brnglr_slr1.gtb,4,COBOL,rhul/et1/cob_rob.gtb,rhul/et1/cob_str.tok,16047,BRNLGR (GTB with standard memory allocator),accept,OK,0.552,33.078,0.000,14.952,0.000,0.000,0.000,0.000,2197,2196,1,0
65,2024-08-30,15:47:03,gtb_mgw32_gcc_O3.exe,brnglr_slr1.gtb,5,COBOL,rhul/et1/cob_rob.gtb,rhul/et1/cob_str.tok,16047,BRNLGR (GTB with standard memory allocator),accept,OK,0.564,33.266,0.000,15.018,0.000,0.000,0.000,0.000,2197,2196,1,0
66,2024-08-30,15:47:05,gtb_mgw32_gcc_O3.exe,brnglr_slr1.gtb,6,COBOL,rhul/et1/cob_rob.gtb,rhul/et1/cob_str.tok,16047,BRNLGR (GTB with standard memory allocator),accept,OK,0.559,32.977,0.000,15.008,0.000,0.000,0.000,0.000,2197,2196,1,0
67,2024-08-30,15:47:08,gtb_mgw32_gcc_O3.exe,brnglr_slr1.gtb,7,COBOL,rhul/et1/cob_rob.gtb,rhul/et1/cob_str.tok,16047,BRNLGR (GTB with standard memory allocator),accept,OK,0.548,32.942,0.000,14.524,0.000,0.000,0.000,0.000,2197,2196,1,0
68,2024-08-30,15:47:10,gtb_mgw32_gcc_O3.exe,brnglr_slr1.gtb,8,COBOL,rhul/et1/cob_rob.gtb,rhul/et1/cob_str.tok,16047,BRNLGR (GTB with standard memory allocator),accept,OK,0.573,32.068,0.000,14.545,0.000,0.000,0.000,0.000,2197,2196,1,0
69,2024-08-30,15:47:12,gtb_mgw32_gcc_O3.exe,brnglr_slr1.gtb,9,COBOL,rhul/et1/cob_rob.gtb,rhul/et1/cob_str.tok,16047,BRNLGR (GTB with standard memory allocator),accept,OK,0.551,33.049,0.000,15.015,0.000,0.000,0.000,0.000,2197,2196,1,0
70,2024-08-30,15:47:15,gtb_mgw32_gcc_O3.exe,brnglr_slr1.gtb,10,COBOL,rhul/et1/cob_rob.gtb,rhul/et1/cob_str.tok,16047,BRNLGR (GTB with standard memory allocator),accept,OK,0.535,33.100,0.000,15.047,0.000,0.000,0.000,0.000,2197,2196,1,0
71,2024-08-30,15:47:17,gtb_mgw32_gcc_O3.exe,brnglr_slr1.gtb,11,COBOL,rhul/et1/cob_rob.gtb,rhul/et1/cob_str.tok,16047,BRNLGR (GTB with standard memory allocator),accept,OK,0.560,32.906,0.000,14.537,0.000,0.000,0.000,0.000,2197,2196,1,0
72,2024-08-30,15:47:19,gtb_mgw32_gcc_O3.exe,brnglr_slr1.gtb,12,COBOL,rhul/et1/cob_rob.gtb,rhul/et1/cob_str.tok,16047,BRNLGR (GTB with standard memory allocator),accept,OK,0.646,33.231,0.000,14.909,0.000,0.000,0.000,0.000,2197,2196,1,0
73,2024-08-30,15:47:22,gtb_mgw32_gcc_O3.exe,brnglr_slr1.gtb,13,COBOL,rhul/et1/cob_rob.gtb,rhul/et1/cob_str.tok,16047,BRNLGR (GTB with standard memory allocator),accept,OK,0.548,33.079,0.000,14.752,0.000,0.000,0.000,0.000,2197,2196,1,0
74,2024-08-30,15:47:24,gtb_mgw32_gcc_O3.exe,brnglr_slr1.gtb,14,COBOL,rhul/et1/cob_rob.gtb,rhul/et1/cob_str.tok,16047,BRNLGR (GTB with standard memory allocator),accept,OK,0.551,33.250,0.000,15.109,0.000,0.000,0.000,0.000,2197,2196,1,0
75,2024-08-30,15:47:26,gtb_mgw32_gcc_O3.exe,brnglr_slr1.gtb,15,COBOL,rhul/et1/cob_rob.gtb,rhul/et1/cob_str.tok,16047,BRNLGR (GTB with standard memory allocator),accept,OK,0.537,32.285,0.000,14.703,0.000,0.000,0.000,0.000,2197,2196,1,0
76,2024-08-30,15:47:29,gtb_mgw32_gcc_O3.exe,brnglr_slr1.gtb,16,COBOL,rhul/et1/cob_rob.gtb,rhul/et1/cob_str.tok,16047,BRNLGR (GTB with standard memory allocator),accept,OK,0.554,33.294,0.000,15.147,0.000,0.000,0.000,0.000,2197,2196,1,0
77,2024-08-30,15:47:31,gtb_mgw32_gcc_O3.exe,brnglr_slr1.gtb,17,COBOL,rhul/et1/cob_rob.gtb,rhul/et1/cob_str.tok,16047,BRNLGR (GTB with standard memory allocator),accept,OK,0.558,33.841,0.000,15.048,0.000,0.000,0.000,0.000,2197,2196,1,0
78,2024-08-30,15:47:33,gtb_mgw32_gcc_O3.exe,brnglr_slr1.gtb,18,COBOL,rhul/et1/cob_rob.gtb,rhul/et1/cob_str.tok,16047,BRNLGR (GTB with standard memory allocator),accept,OK,0.556,33.104,0.000,14.999,0.000,0.000,0.000,0.000,2197,2196,1,0
79,2024-08-30,15:47:36,gtb_mgw32_gcc_O3.exe,brnglr_slr1.gtb,19,COBOL,rhul/et1/cob_rob.gtb,rhul/et1/cob_str.tok,16047,BRNLGR (GTB with standard memory allocator),accept,OK,0.578,33.242,0.000,14.904,0.000,0.000,0.000,0.000,2197,2196,1,0
80,2024-08-30,15:47:38,gtb_mgw32_gcc_O3.exe,brnglr_slr1.gtb,20,COBOL,rhul/et1/cob_rob.gtb,rhul/et1/cob_str.tok,16047,BRNLGR (GTB with standard memory allocator),accept,OK,0.547,33.091,0.000,15.183,0.000,0.000,0.000,0.000,2197,2196,1,0
81,2024-08-30,15:47:40,gtb_mgw32_gcc_O3.exe,brnglr_slr1.gtb,21,COBOL,rhul/et1/cob_rob.gtb,rhul/et1/cob_str.tok,16047,BRNLGR (GTB with standard memory allocator),accept,OK,0.557,33.430,0.000,15.477,0.000,0.000,0.000,0.000,2197,2196,1,0
82,2024-08-30,15:47:43,gtb_mgw32_gcc_O3.exe,brnglr_slr1.gtb,22,COBOL,rhul/et1/cob_rob.gtb,rhul/et1/cob_str.tok,16047,BRNLGR (GTB with standard memory allocator),accept,OK,0.547,33.213,0.000,15.094,0.000,0.000,0.000,0.000,2197,2196,1,0
83,2024-08-30,15:47:45,gtb_mgw32_gcc_O3.exe,brnglr_slr1.gtb,23,COBOL,rhul/et1/cob_rob.gtb,rhul/et1/cob_str.tok,16047,BRNLGR (GTB with standard memory allocator),accept,OK,0.559,33.153,0.000,15.179,0.000,0.000,0.000,0.000,2197,2196,1,0
84,2024-08-30,15:47:47,gtb_mgw32_gcc_O3.exe,brnglr_slr1.gtb,24,COBOL,rhul/et1/cob_rob.gtb,rhul/et1/cob_str.tok,16047,BRNLGR (GTB with standard memory allocator),accept,OK,0.532,32.676,0.000,14.243,0.000,0.000,0.000,0.000,2197,2196,1,0
85,2024-08-30,15:47:49,gtb_mgw32_gcc_O3.exe,brnglr_slr1.gtb,25,COBOL,rhul/et1/cob_rob.gtb,rhul/et1/cob_str.tok,16047,BRNLGR (GTB with standard memory allocator),accept,OK,0.539,33.377,0.000,15.042,0.000,0.000,0.000,0.000,2197,2196,1,0
86,2024-08-30,15:47:52,gtb_mgw32_gcc_O3.exe,brnglr_slr1.gtb,26,COBOL,rhul/et1/cob_rob.gtb,rhul/et1/cob_str.tok,16047,BRNLGR (GTB with standard memory allocator),accept,OK,0.545,33.127,0.000,14.722,0.000,0.000,0.000,0.000,2197,2196,1,0
87,2024-08-30,15:47:54,gtb_mgw32_gcc_O3.exe,brnglr_slr1.gtb,27,COBOL,rhul/et1/cob_rob.gtb,rhul/et1/cob_str.tok,16047,BRNLGR (GTB with standard memory allocator),accept,OK,0.554,35.883,0.000,14.968,0.000,0.000,0.000,0.000,2197,2196,1,0
88,2024-08-30,15:47:56,gtb_mgw32_gcc_O3.exe,brnglr_slr1.gtb,28,COBOL,rhul/et1/cob_rob.gtb,rhul/et1/cob_str.tok,16047,BRNLGR (GTB with standard memory allocator),accept,OK,0.549,33.049,0.000,15.192,0.000,0.000,0.000,0.000,2197,2196,1,0
89,2024-08-30,15:47:59,gtb_mgw32_gcc_O3.exe,brnglr_slr1.gtb,29,COBOL,rhul/et1/cob_rob.gtb,rhul/et1/cob_str.tok,16047,BRNLGR (GTB with standard memory allocator),accept,OK,0.547,33.242,0.000,14.895,0.000,0.000,0.000,0.000,2197,2196,1,0
90,2024-08-30,15:48:01,gtb_mgw32_gcc_O3.exe,brnglr_slr1.gtb,30,COBOL,rhul/et1/cob_rob.gtb,rhul/et1/cob_str.tok,16047,BRNLGR (GTB with standard memory allocator),accept,OK,0.565,33.637,0.000,14.931,0.000,0.000,0.000,0.000,2197,2196,1,0
91,2024-08-30,15:48:03,gtb_mgw32_gcc_O3_pool.exe,brnglr_slr1.gtb,1,COBOL,rhul/et1/cob_rob.gtb,rhul/et1/cob_str.tok,16047,BRNLGR (GTB with Pool),accept,OK,0.508,33.465,0.000,14.317,0.000,0.000,0.000,0.000,2197,2196,1,0
92,2024-08-30,15:48:06,gtb_mgw32_gcc_O3_pool.exe,brnglr_slr1.gtb,2,COBOL,rhul/et1/cob_rob.gtb,rhul/et1/cob_str.tok,16047,BRNLGR (GTB with Pool),accept,OK,0.503,33.622,0.000,14.551,0.000,0.000,0.000,0.000,2197,2196,1,0
93,2024-08-30,15:48:08,gtb_mgw32_gcc_O3_pool.exe,brnglr_slr1.gtb,3,COBOL,rhul/et1/cob_rob.gtb,rhul/et1/cob_str.tok,16047,BRNLGR (GTB with Pool),accept,OK,0.507,33.695,0.000,14.374,0.000,0.000,0.000,0.000,2197,2196,1,0
94,2024-08-30,15:48:10,gtb_mgw32_gcc_O3_pool.exe,brnglr_slr1.gtb,4,COBOL,rhul/et1/cob_rob.gtb,rhul/et1/cob_str.tok,16047,BRNLGR (GTB with Pool),accept,OK,0.508,33.276,0.000,14.166,0.000,0.000,0.000,0.000,2197,2196,1,0
95,2024-08-30,15:48:13,gtb_mgw32_gcc_O3_pool.exe,brnglr_slr1.gtb,5,COBOL,rhul/et1/cob_rob.gtb,rhul/et1/cob_str.tok,16047,BRNLGR (GTB with Pool),accept,OK,0.504,33.626,0.000,13.920,0.000,0.000,0.000,0.000,2197,2196,1,0
96,2024-08-30,15:48:15,gtb_mgw32_gcc_O3_pool.exe,brnglr_slr1.gtb,6,COBOL,rhul/et1/cob_rob.gtb,rhul/et1/cob_str.tok,16047,BRNLGR (GTB with Pool),accept,OK,0.506,33.639,0.000,14.287,0.000,0.000,0.000,0.000,2197,2196,1,0
97,2024-08-30,15:48:18,gtb_mgw32_gcc_O3_pool.exe,brnglr_slr1.gtb,7,COBOL,rhul/et1/cob_rob.gtb,rhul/et1/cob_str.tok,16047,BRNLGR (GTB with Pool),accept,OK,0.507,33.608,0.000,13.840,0.000,0.000,0.000,0.000,2197,2196,1,0
98,2024-08-30,15:48:20,gtb_mgw32_gcc_O3_pool.exe,brnglr_slr1.gtb,8,COBOL,rhul/et1/cob_rob.gtb,rhul/et1/cob_str.tok,16047,BRNLGR (GTB with Pool),accept,OK,0.504,33.799,0.000,14.393,0.000,0.000,0.000,0.000,2197,2196,1,0
99,2024-08-30,15:48:22,gtb_mgw32_gcc_O3_pool.exe,brnglr_slr1.gtb,9,COBOL,rhul/et1/cob_rob.gtb,rhul/et1/cob_str.tok,16047,BRNLGR (GTB with Pool),accept,OK,0.485,32.400,0.000,13.462,0.000,0.000,0.000,0.000,2197,2196,1,0
100,2024-08-30,15:48:25,gtb_mgw32_gcc_O3_pool.exe,brnglr_slr1.gtb,10,COBOL,rhul/et1/cob_rob.gtb,rhul/et1/cob_str.tok,16047,BRNLGR (GTB with Pool),accept,OK,0.505,33.488,0.000,14.270,0.000,0.000,0.000,0.000,2197,2196,1,0
101,2024-08-30,15:48:27,gtb_mgw32_gcc_O3_pool.exe,brnglr_slr1.gtb,11,COBOL,rhul/et1/cob_rob.gtb,rhul/et1/cob_str.tok,16047,BRNLGR (GTB with Pool),accept,OK,0.507,33.064,0.000,14.199,0.000,0.000,0.000,0.000,2197,2196,1,0
102,2024-08-30,15:48:29,gtb_mgw32_gcc_O3_pool.exe,brnglr_slr1.gtb,12,COBOL,rhul/et1/cob_rob.gtb,rhul/et1/cob_str.tok,16047,BRNLGR (GTB with Pool),accept,OK,0.519,33.700,0.000,14.309,0.000,0.000,0.000,0.000,2197,2196,1,0
103,2024-08-30,15:48:32,gtb_mgw32_gcc_O3_pool.exe,brnglr_slr1.gtb,13,COBOL,rhul/et1/cob_rob.gtb,rhul/et1/cob_str.tok,16047,BRNLGR (GTB with Pool),accept,OK,0.500,33.656,0.000,14.278,0.000,0.000,0.000,0.000,2197,2196,1,0
104,2024-08-30,15:48:34,gtb_mgw32_gcc_O3_pool.exe,brnglr_slr1.gtb,14,COBOL,rhul/et1/cob_rob.gtb,rhul/et1/cob_str.tok,16047,BRNLGR (GTB with Pool),accept,OK,0.505,33.483,0.000,14.373,0.000,0.000,0.000,0.000,2197,2196,1,0
105,2024-08-30,15:48:36,gtb_mgw32_gcc_O3_pool.exe,brnglr_slr1.gtb,15,COBOL,rhul/et1/cob_rob.gtb,rhul/et1/cob_str.tok,16047,BRNLGR (GTB with Pool),accept,OK,0.505,33.510,0.000,14.283,0.000,0.000,0.000,0.000,2197,2196,1,0
106,2024-08-30,15:48:39,gtb_mgw32_gcc_O3_pool.exe,brnglr_slr1.gtb,16,COBOL,rhul/et1/cob_rob.gtb,rhul/et1/cob_str.tok,16047,BRNLGR (GTB with Pool),accept,OK,0.503,33.543,0.000,14.421,0.000,0.000,0.000,0.000,2197,2196,1,0
107,2024-08-30,15:48:41,gtb_mgw32_gcc_O3_pool.exe,brnglr_slr1.gtb,17,COBOL,rhul/et1/cob_rob.gtb,rhul/et1/cob_str.tok,16047,BRNLGR (GTB with Pool),accept,OK,0.503,33.396,0.000,14.363,0.000,0.000,0.000,0.000,2197,2196,1,0
108,2024-08-30,15:48:44,gtb_mgw32_gcc_O3_pool.exe,brnglr_slr1.gtb,18,COBOL,rhul/et1/cob_rob.gtb,rhul/et1/cob_str.tok,16047,BRNLGR (GTB with Pool),accept,OK,0.506,33.457,0.000,14.325,0.000,0.000,0.000,0.000,2197,2196,1,0
109,2024-08-30,15:48:46,gtb_mgw32_gcc_O3_pool.exe,brnglr_slr1.gtb,19,COBOL,rhul/et1/cob_rob.gtb,rhul/et1/cob_str.tok,16047,BRNLGR (GTB with Pool),accept,OK,0.505,33.638,0.000,14.405,0.000,0.000,0.000,0.000,2197,2196,1,0
110,2024-08-30,15:48:48,gtb_mgw32_gcc_O3_pool.exe,brnglr_slr1.gtb,20,COBOL,rhul/et1/cob_rob.gtb,rhul/et1/cob_str.tok,16047,BRNLGR (GTB with Pool),accept,OK,0.507,33.452,0.000,13.954,0.000,0.000,0.000,0.000,2197,2196,1,0
111,2024-08-30,15:48:51,gtb_mgw32_gcc_O3_pool.exe,brnglr_slr1.gtb,21,COBOL,rhul/et1/cob_rob.gtb,rhul/et1/cob_str.tok,16047,BRNLGR (GTB with Pool),accept,OK,0.516,33.589,0.000,14.313,0.000,0.000,0.000,0.000,2197,2196,1,0
112,2024-08-30,15:48:53,gtb_mgw32_gcc_O3_pool.exe,brnglr_slr1.gtb,22,COBOL,rhul/et1/cob_rob.gtb,rhul/et1/cob_str.tok,16047,BRNLGR (GTB with Pool),accept,OK,0.505,33.585,0.000,14.311,0.000,0.000,0.000,0.000,2197,2196,1,0
113,2024-08-30,15:48:55,gtb_mgw32_gcc_O3_pool.exe,brnglr_slr1.gtb,23,COBOL,rhul/et1/cob_rob.gtb,rhul/et1/cob_str.tok,16047,BRNLGR (GTB with Pool),accept,OK,0.506,33.577,0.000,14.331,0.000,0.000,0.000,0.000,2197,2196,1,0
114,2024-08-30,15:48:58,gtb_mgw32_gcc_O3_pool.exe,brnglr_slr1.gtb,24,COBOL,rhul/et1/cob_rob.gtb,rhul/et1/cob_str.tok,16047,BRNLGR (GTB with Pool),accept,OK,0.552,33.556,0.000,13.783,0.000,0.000,0.000,0.000,2197,2196,1,0
115,2024-08-30,15:49:00,gtb_mgw32_gcc_O3_pool.exe,brnglr_slr1.gtb,25,COBOL,rhul/et1/cob_rob.gtb,rhul/et1/cob_str.tok,16047,BRNLGR (GTB with Pool),accept,OK,0.507,33.557,0.000,14.248,0.000,0.000,0.000,0.000,2197,2196,1,0
116,2024-08-30,15:49:03,gtb_mgw32_gcc_O3_pool.exe,brnglr_slr1.gtb,26,COBOL,rhul/et1/cob_rob.gtb,rhul/et1/cob_str.tok,16047,BRNLGR (GTB with Pool),accept,OK,0.502,33.424,0.000,14.342,0.000,0.000,0.000,0.000,2197,2196,1,0
117,2024-08-30,15:49:05,gtb_mgw32_gcc_O3_pool.exe,brnglr_slr1.gtb,27,COBOL,rhul/et1/cob_rob.gtb,rhul/et1/cob_str.tok,16047,BRNLGR (GTB with Pool),accept,OK,0.498,33.418,0.000,14.530,0.000,0.000,0.000,0.000,2197,2196,1,0
118,2024-08-30,15:49:07,gtb_mgw32_gcc_O3_pool.exe,brnglr_slr1.gtb,28,COBOL,rhul/et1/cob_rob.gtb,rhul/et1/cob_str.tok,16047,BRNLGR (GTB with Pool),accept,OK,0.498,33.555,0.000,14.267,0.000,0.000,0.000,0.000,2197,2196,1,0
119,2024-08-30,15:49:10,gtb_mgw32_gcc_O3_pool.exe,brnglr_slr1.gtb,29,COBOL,rhul/et1/cob_rob.gtb,rhul/et1/cob_str.tok,16047,BRNLGR (GTB with Pool),accept,OK,0.521,33.955,0.000,14.306,0.000,0.000,0.000,0.000,2197,2196,1,0
120,2024-08-30,15:49:12,gtb_mgw32_gcc_O3_pool.exe,brnglr_slr1.gtb,30,COBOL,rhul/et1/cob_rob.gtb,rhul/et1/cob_str.tok,16047,BRNLGR (GTB with Pool),accept,OK,0.518,33.719,0.000,14.383,0.000,0.000,0.000,0.000,2197,2196,1,0
121,2024-08-30,15:49:14,art.jar,earleyIndexedPoolV3.bat,1,COBOL,rhul/et1/cob_rob.art,rhul/et1/cob_str.tok,16587,ARTEarleyIndexedPool,accept,OK,3.169,20.672,0.000,86.021,0.000,0.000,0.000,0.000,2197,2196,1,9655412
122,2024-08-30,15:49:23,art.jar,earleyIndexedPoolV3.bat,2,COBOL,rhul/et1/cob_rob.art,rhul/et1/cob_str.tok,16587,ARTEarleyIndexedPool,accept,OK,3.261,20.069,0.000,92.214,0.000,0.000,0.000,0.000,2197,2196,1,9655412
123,2024-08-30,15:49:32,art.jar,earleyIndexedPoolV3.bat,3,COBOL,rhul/et1/cob_rob.art,rhul/et1/cob_str.tok,16587,ARTEarleyIndexedPool,accept,OK,3.094,23.577,0.000,91.251,0.000,0.000,0.000,0.000,2197,2196,1,9655412
124,2024-08-30,15:49:41,art.jar,earleyIndexedPoolV3.bat,4,COBOL,rhul/et1/cob_rob.art,rhul/et1/cob_str.tok,16587,ARTEarleyIndexedPool,accept,OK,2.635,20.035,0.000,87.513,0.000,0.000,0.000,0.000,2197,2196,1,9655412
125,2024-08-30,15:49:50,art.jar,earleyIndexedPoolV3.bat,5,COBOL,rhul/et1/cob_rob.art,rhul/et1/cob_str.tok,16587,ARTEarleyIndexedPool,accept,OK,2.290,19.436,0.000,84.306,0.000,0.000,0.000,0.000,2197,2196,1,9655412
126,2024-08-30,15:49:58,art.jar,earleyIndexedPoolV3.bat,6,COBOL,rhul/et1/cob_rob.art,rhul/et1/cob_str.tok,16587,ARTEarleyIndexedPool,accept,OK,2.766,24.862,0.000,89.323,0.000,0.000,0.000,0.000,2197,2196,1,9655412
127,2024-08-30,15:50:07,art.jar,earleyIndexedPoolV3.bat,7,COBOL,rhul/et1/cob_rob.art,rhul/et1/cob_str.tok,16587,ARTEarleyIndexedPool,accept,OK,3.109,23.869,0.000,88.889,0.000,0.000,0.000,0.000,2197,2196,1,9655412
128,2024-08-30,15:50:16,art.jar,earleyIndexedPoolV3.bat,8,COBOL,rhul/et1/cob_rob.art,rhul/et1/cob_str.tok,16587,ARTEarleyIndexedPool,accept,OK,3.206,26.724,0.000,92.547,0.000,0.000,0.000,0.000,2197,2196,1,9655412
129,2024-08-30,15:50:25,art.jar,earleyIndexedPoolV3.bat,9,COBOL,rhul/et1/cob_rob.art,rhul/et1/cob_str.tok,16587,ARTEarleyIndexedPool,accept,OK,2.725,20.628,0.000,88.889,0.000,0.000,0.000,0.000,2197,2196,1,9655412
130,2024-08-30,15:50:34,art.jar,earleyIndexedPoolV3.bat,10,COBOL,rhul/et1/cob_rob.art,rhul/et1/cob_str.tok,16587,ARTEarleyIndexedPool,accept,OK,2.765,24.773,0.000,90.005,0.000,0.000,0.000,0.000,2197,2196,1,9655412
131,2024-08-30,15:50:42,art.jar,earleyIndexedPoolV3.bat,11,COBOL,rhul/et1/cob_rob.art,rhul/et1/cob_str.tok,16587,ARTEarleyIndexedPool,accept,OK,3.203,23.717,0.000,91.042,0.000,0.000,0.000,0.000,2197,2196,1,9655412
132,2024-08-30,15:50:51,art.jar,earleyIndexedPoolV3.bat,12,COBOL,rhul/et1/cob_rob.art,rhul/et1/cob_str.tok,16587,ARTEarleyIndexedPool,accept,OK,3.237,23.575,0.000,88.956,0.000,0.000,0.000,0.000,2197,2196,1,9655412
133,2024-08-30,15:51:00,art.jar,earleyIndexedPoolV3.bat,13,COBOL,rhul/et1/cob_rob.art,rhul/et1/cob_str.tok,16587,ARTEarleyIndexedPool,accept,OK,3.504,26.853,0.000,93.624,0.000,0.000,0.000,0.000,2197,2196,1,9655412
134,2024-08-30,15:51:09,art.jar,earleyIndexedPoolV3.bat,14,COBOL,rhul/et1/cob_rob.art,rhul/et1/cob_str.tok,16587,ARTEarleyIndexedPool,accept,OK,2.754,19.353,0.000,85.353,0.000,0.000,0.000,0.000,2197,2196,1,9655412
135,2024-08-30,15:51:18,art.jar,earleyIndexedPoolV3.bat,15,COBOL,rhul/et1/cob_rob.art,rhul/et1/cob_str.tok,16587,ARTEarleyIndexedPool,accept,OK,3.369,21.681,0.000,92.240,0.000,0.000,0.000,0.000,2197,2196,1,9655412
136,2024-08-30,15:51:27,art.jar,earleyIndexedPoolV3.bat,16,COBOL,rhul/et1/cob_rob.art,rhul/et1/cob_str.tok,16587,ARTEarleyIndexedPool,accept,OK,2.738,25.809,0.000,90.207,0.000,0.000,0.000,0.000,2197,2196,1,9655412
137,2024-08-30,15:51:36,art.jar,earleyIndexedPoolV3.bat,17,COBOL,rhul/et1/cob_rob.art,rhul/et1/cob_str.tok,16587,ARTEarleyIndexedPool,accept,OK,3.079,27.635,0.000,91.032,0.000,0.000,0.000,0.000,2197,2196,1,9655412
138,2024-08-30,15:51:45,art.jar,earleyIndexedPoolV3.bat,18,COBOL,rhul/et1/cob_rob.art,rhul/et1/cob_str.tok,16587,ARTEarleyIndexedPool,accept,OK,3.017,21.106,0.000,89.527,0.000,0.000,0.000,0.000,2197,2196,1,9655412
139,2024-08-30,15:51:54,art.jar,earleyIndexedPoolV3.bat,19,COBOL,rhul/et1/cob_rob.art,rhul/et1/cob_str.tok,16587,ARTEarleyIndexedPool,accept,OK,2.921,21.855,0.000,92.448,0.000,0.000,0.000,0.000,2197,2196,1,9655412
140,2024-08-30,15:52:02,art.jar,earleyIndexedPoolV3.bat,20,COBOL,rhul/et1/cob_rob.art,rhul/et1/cob_str.tok,16587,ARTEarleyIndexedPool,accept,OK,3.279,22.207,0.000,92.929,0.000,0.000,0.000,0.000,2197,2196,1,9655412
141,2024-08-30,15:52:11,art.jar,earleyIndexedPoolV3.bat,21,COBOL,rhul/et1/cob_rob.art,rhul/et1/cob_str.tok,16587,ARTEarleyIndexedPool,accept,OK,2.742,20.589,0.000,89.978,0.000,0.000,0.000,0.000,2197,2196,1,9655412
142,2024-08-30,15:52:20,art.jar,earleyIndexedPoolV3.bat,22,COBOL,rhul/et1/cob_rob.art,rhul/et1/cob_str.tok,16587,ARTEarleyIndexedPool,accept,OK,3.133,25.915,0.000,85.155,0.000,0.000,0.000,0.000,2197,2196,1,9655412
143,2024-08-30,15:52:29,art.jar,earleyIndexedPoolV3.bat,23,COBOL,rhul/et1/cob_rob.art,rhul/et1/cob_str.tok,16587,ARTEarleyIndexedPool,accept,OK,3.307,19.931,0.000,84.586,0.000,0.000,0.000,0.000,2197,2196,1,9655412
144,2024-08-30,15:52:38,art.jar,earleyIndexedPoolV3.bat,24,COBOL,rhul/et1/cob_rob.art,rhul/et1/cob_str.tok,16587,ARTEarleyIndexedPool,accept,OK,3.271,21.999,0.000,86.293,0.000,0.000,0.000,0.000,2197,2196,1,9655412
145,2024-08-30,15:52:46,art.jar,earleyIndexedPoolV3.bat,25,COBOL,rhul/et1/cob_rob.art,rhul/et1/cob_str.tok,16587,ARTEarleyIndexedPool,accept,OK,3.395,21.613,0.000,91.469,0.000,0.000,0.000,0.000,2197,2196,1,9655412
146,2024-08-30,15:52:55,art.jar,earleyIndexedPoolV3.bat,26,COBOL,rhul/et1/cob_rob.art,rhul/et1/cob_str.tok,16587,ARTEarleyIndexedPool,accept,OK,2.948,20.713,0.000,89.437,0.000,0.000,0.000,0.000,2197,2196,1,9655412
147,2024-08-30,15:53:04,art.jar,earleyIndexedPoolV3.bat,27,COBOL,rhul/et1/cob_rob.art,rhul/et1/cob_str.tok,16587,ARTEarleyIndexedPool,accept,OK,3.315,20.858,0.000,88.634,0.000,0.000,0.000,0.000,2197,2196,1,9655412
148,2024-08-30,15:53:13,art.jar,earleyIndexedPoolV3.bat,28,COBOL,rhul/et1/cob_rob.art,rhul/et1/cob_str.tok,16587,ARTEarleyIndexedPool,accept,OK,3.293,23.138,0.000,92.667,0.000,0.000,0.000,0.000,2197,2196,1,9655412
149,2024-08-30,15:53:22,art.jar,earleyIndexedPoolV3.bat,29,COBOL,rhul/et1/cob_rob.art,rhul/et1/cob_str.tok,16587,ARTEarleyIndexedPool,accept,OK,2.843,23.198,0.000,93.593,0.000,0.000,0.000,0.000,2197,2196,1,9655412
150,2024-08-30,15:53:30,art.jar,earleyIndexedPoolV3.bat,30,COBOL,rhul/et1/cob_rob.art,rhul/et1/cob_str.tok,16587,ARTEarleyIndexedPool,accept,OK,3.159,26.766,0.000,95.585,0.000,0.000,0.000,0.000,2197,2196,1,9655412
151,2024-08-30,15:53:39,art.jar,earleyIndexedPoolV3_g++.bat,1,COBOL,rhul/et1/cob_rob.art,rhul/et1/cob_str.tok,16047,ARTEarleyIndexedPool (C),accept,OK,  0.002,  1.181,  0.000, 10.495,  0.000,  0.000,  0.000,  0.000,2197,2196,1,4039812
152,2024-08-30,15:53:51,art.jar,earleyIndexedPoolV3_g++.bat,2,COBOL,rhul/et1/cob_rob.art,rhul/et1/cob_str.tok,16047,ARTEarleyIndexedPool (C),accept,OK,  0.001,  1.128,  0.000, 10.448,  0.000,  0.000,  0.000,  0.000,2197,2196,1,4039812
153,2024-08-30,15:54:03,art.jar,earleyIndexedPoolV3_g++.bat,3,COBOL,rhul/et1/cob_rob.art,rhul/et1/cob_str.tok,16047,ARTEarleyIndexedPool (C),accept,OK,  0.001,  1.130,  0.000, 10.559,  0.000,  0.000,  0.000,  0.000,2197,2196,1,4039812
154,2024-08-30,15:54:14,art.jar,earleyIndexedPoolV3_g++.bat,4,COBOL,rhul/et1/cob_rob.art,rhul/et1/cob_str.tok,16047,ARTEarleyIndexedPool (C),accept,OK,  0.001,  1.103,  0.000, 10.440,  0.000,  0.000,  0.000,  0.000,2197,2196,1,4039812
155,2024-08-30,15:54:26,art.jar,earleyIndexedPoolV3_g++.bat,5,COBOL,rhul/et1/cob_rob.art,rhul/et1/cob_str.tok,16047,ARTEarleyIndexedPool (C),accept,OK,  0.001,  1.114,  0.000, 10.513,  0.000,  0.000,  0.000,  0.000,2197,2196,1,4039812
156,2024-08-30,15:54:37,art.jar,earleyIndexedPoolV3_g++.bat,6,COBOL,rhul/et1/cob_rob.art,rhul/et1/cob_str.tok,16047,ARTEarleyIndexedPool (C),accept,OK,  0.001,  1.107,  0.000, 10.387,  0.000,  0.000,  0.000,  0.000,2197,2196,1,4039812
157,2024-08-30,15:54:49,art.jar,earleyIndexedPoolV3_g++.bat,7,COBOL,rhul/et1/cob_rob.art,rhul/et1/cob_str.tok,16047,ARTEarleyIndexedPool (C),accept,OK,  0.001,  1.108,  0.000, 10.414,  0.000,  0.000,  0.000,  0.000,2197,2196,1,4039812
158,2024-08-30,15:55:01,art.jar,earleyIndexedPoolV3_g++.bat,8,COBOL,rhul/et1/cob_rob.art,rhul/et1/cob_str.tok,16047,ARTEarleyIndexedPool (C),accept,OK,  0.001,  1.108,  0.000, 10.429,  0.000,  0.000,  0.000,  0.000,2197,2196,1,4039812
159,2024-08-30,15:55:12,art.jar,earleyIndexedPoolV3_g++.bat,9,COBOL,rhul/et1/cob_rob.art,rhul/et1/cob_str.tok,16047,ARTEarleyIndexedPool (C),accept,OK,  0.001,  1.138,  0.000, 10.561,  0.000,  0.000,  0.000,  0.000,2197,2196,1,4039812
160,2024-08-30,15:55:24,art.jar,earleyIndexedPoolV3_g++.bat,10,COBOL,rhul/et1/cob_rob.art,rhul/et1/cob_str.tok,16047,ARTEarleyIndexedPool (C),accept,OK,  0.001,  1.123,  0.000, 10.288,  0.000,  0.000,  0.000,  0.000,2197,2196,1,4039812
161,2024-08-30,15:55:35,art.jar,earleyIndexedPoolV3_g++.bat,11,COBOL,rhul/et1/cob_rob.art,rhul/et1/cob_str.tok,16047,ARTEarleyIndexedPool (C),accept,OK,  0.001,  1.113,  0.000, 10.350,  0.000,  0.000,  0.000,  0.000,2197,2196,1,4039812
162,2024-08-30,15:55:47,art.jar,earleyIndexedPoolV3_g++.bat,12,COBOL,rhul/et1/cob_rob.art,rhul/et1/cob_str.tok,16047,ARTEarleyIndexedPool (C),accept,OK,  0.001,  1.107,  0.000, 10.401,  0.000,  0.000,  0.000,  0.000,2197,2196,1,4039812
163,2024-08-30,15:55:58,art.jar,earleyIndexedPoolV3_g++.bat,13,COBOL,rhul/et1/cob_rob.art,rhul/et1/cob_str.tok,16047,ARTEarleyIndexedPool (C),accept,OK,  0.001,  1.120,  0.000, 10.382,  0.000,  0.000,  0.000,  0.000,2197,2196,1,4039812
164,2024-08-30,15:56:10,art.jar,earleyIndexedPoolV3_g++.bat,14,COBOL,rhul/et1/cob_rob.art,rhul/et1/cob_str.tok,16047,ARTEarleyIndexedPool (C),accept,OK,  0.001,  1.125,  0.000, 10.259,  0.000,  0.000,  0.000,  0.000,2197,2196,1,4039812
165,2024-08-30,15:56:21,art.jar,earleyIndexedPoolV3_g++.bat,15,COBOL,rhul/et1/cob_rob.art,rhul/et1/cob_str.tok,16047,ARTEarleyIndexedPool (C),accept,OK,  0.001,  1.102,  0.000, 10.306,  0.000,  0.000,  0.000,  0.000,2197,2196,1,4039812
166,2024-08-30,15:56:33,art.jar,earleyIndexedPoolV3_g++.bat,16,COBOL,rhul/et1/cob_rob.art,rhul/et1/cob_str.tok,16047,ARTEarleyIndexedPool (C),accept,OK,  0.001,  1.111,  0.000, 10.415,  0.000,  0.000,  0.000,  0.000,2197,2196,1,4039812
167,2024-08-30,15:56:44,art.jar,earleyIndexedPoolV3_g++.bat,17,COBOL,rhul/et1/cob_rob.art,rhul/et1/cob_str.tok,16047,ARTEarleyIndexedPool (C),accept,OK,  0.001,  1.102,  0.000, 10.776,  0.000,  0.000,  0.000,  0.000,2197,2196,1,4039812
168,2024-08-30,15:56:56,art.jar,earleyIndexedPoolV3_g++.bat,18,COBOL,rhul/et1/cob_rob.art,rhul/et1/cob_str.tok,16047,ARTEarleyIndexedPool (C),accept,OK,  0.001,  1.100,  0.000, 10.357,  0.000,  0.000,  0.000,  0.000,2197,2196,1,4039812
169,2024-08-30,15:57:07,art.jar,earleyIndexedPoolV3_g++.bat,19,COBOL,rhul/et1/cob_rob.art,rhul/et1/cob_str.tok,16047,ARTEarleyIndexedPool (C),accept,OK,  0.001,  1.105,  0.000, 10.379,  0.000,  0.000,  0.000,  0.000,2197,2196,1,4039812
170,2024-08-30,15:57:19,art.jar,earleyIndexedPoolV3_g++.bat,20,COBOL,rhul/et1/cob_rob.art,rhul/et1/cob_str.tok,16047,ARTEarleyIndexedPool (C),accept,OK,  0.001,  1.105,  0.000, 10.259,  0.000,  0.000,  0.000,  0.000,2197,2196,1,4039812
171,2024-08-30,15:57:30,art.jar,earleyIndexedPoolV3_g++.bat,21,COBOL,rhul/et1/cob_rob.art,rhul/et1/cob_str.tok,16047,ARTEarleyIndexedPool (C),accept,OK,  0.001,  1.111,  0.000, 10.378,  0.000,  0.000,  0.000,  0.000,2197,2196,1,4039812
172,2024-08-30,15:57:42,art.jar,earleyIndexedPoolV3_g++.bat,22,COBOL,rhul/et1/cob_rob.art,rhul/et1/cob_str.tok,16047,ARTEarleyIndexedPool (C),accept,OK,  0.001,  1.107,  0.000, 10.441,  0.000,  0.000,  0.000,  0.000,2197,2196,1,4039812
173,2024-08-30,15:57:53,art.jar,earleyIndexedPoolV3_g++.bat,23,COBOL,rhul/et1/cob_rob.art,rhul/et1/cob_str.tok,16047,ARTEarleyIndexedPool (C),accept,OK,  0.001,  1.129,  0.000, 10.665,  0.000,  0.000,  0.000,  0.000,2197,2196,1,4039812
174,2024-08-30,15:58:05,art.jar,earleyIndexedPoolV3_g++.bat,24,COBOL,rhul/et1/cob_rob.art,rhul/et1/cob_str.tok,16047,ARTEarleyIndexedPool (C),accept,OK,  0.001,  1.116,  0.000, 10.512,  0.000,  0.000,  0.000,  0.000,2197,2196,1,4039812
175,2024-08-30,15:58:16,art.jar,earleyIndexedPoolV3_g++.bat,25,COBOL,rhul/et1/cob_rob.art,rhul/et1/cob_str.tok,16047,ARTEarleyIndexedPool (C),accept,OK,  0.001,  1.117,  0.000, 10.362,  0.000,  0.000,  0.000,  0.000,2197,2196,1,4039812
176,2024-08-30,15:58:28,art.jar,earleyIndexedPoolV3_g++.bat,26,COBOL,rhul/et1/cob_rob.art,rhul/et1/cob_str.tok,16047,ARTEarleyIndexedPool (C),accept,OK,  0.001,  1.105,  0.000, 10.248,  0.000,  0.000,  0.000,  0.000,2197,2196,1,4039812
177,2024-08-30,15:58:39,art.jar,earleyIndexedPoolV3_g++.bat,27,COBOL,rhul/et1/cob_rob.art,rhul/et1/cob_str.tok,16047,ARTEarleyIndexedPool (C),accept,OK,  0.001,  1.110,  0.000, 10.393,  0.000,  0.000,  0.000,  0.000,2197,2196,1,4039812
178,2024-08-30,15:58:51,art.jar,earleyIndexedPoolV3_g++.bat,28,COBOL,rhul/et1/cob_rob.art,rhul/et1/cob_str.tok,16047,ARTEarleyIndexedPool (C),accept,OK,  0.001,  1.116,  0.000, 10.409,  0.000,  0.000,  0.000,  0.000,2197,2196,1,4039812
179,2024-08-30,15:59:02,art.jar,earleyIndexedPoolV3_g++.bat,29,COBOL,rhul/et1/cob_rob.art,rhul/et1/cob_str.tok,16047,ARTEarleyIndexedPool (C),accept,OK,  0.001,  1.137,  0.000, 10.371,  0.000,  0.000,  0.000,  0.000,2197,2196,1,4039812
180,2024-08-30,15:59:14,art.jar,earleyIndexedPoolV3_g++.bat,30,COBOL,rhul/et1/cob_rob.art,rhul/et1/cob_str.tok,16047,ARTEarleyIndexedPool (C),accept,OK,  0.001,  1.102,  0.000, 10.298,  0.000,  0.000,  0.000,  0.000,2197,2196,1,4039812
181,2024-08-30,15:59:25,art.jar,earleyTableIndexedPoolV3.bat,1,COBOL,rhul/et1/cob_rob.art,rhul/et1/cob_str.tok,16587,ARTEarleyTableIndexedPool,accept,OK,103.135,22.278,0.000,26.904,0.000,0.000,0.000,0.000,2197,2196,1,25613660
182,2024-08-30,15:59:35,art.jar,earleyTableIndexedPoolV3.bat,2,COBOL,rhul/et1/cob_rob.art,rhul/et1/cob_str.tok,16587,ARTEarleyTableIndexedPool,accept,OK,91.405,21.537,0.000,28.501,0.000,0.000,0.000,0.000,2197,2196,1,25613660
183,2024-08-30,15:59:45,art.jar,earleyTableIndexedPoolV3.bat,3,COBOL,rhul/et1/cob_rob.art,rhul/et1/cob_str.tok,16587,ARTEarleyTableIndexedPool,accept,OK,96.984,23.127,0.000,26.057,0.000,0.000,0.000,0.000,2197,2196,1,25613660
184,2024-08-30,15:59:55,art.jar,earleyTableIndexedPoolV3.bat,4,COBOL,rhul/et1/cob_rob.art,rhul/et1/cob_str.tok,16587,ARTEarleyTableIndexedPool,accept,OK,86.457,22.931,0.000,26.357,0.000,0.000,0.000,0.000,2197,2196,1,25613660
185,2024-08-30,16:00:06,art.jar,earleyTableIndexedPoolV3.bat,5,COBOL,rhul/et1/cob_rob.art,rhul/et1/cob_str.tok,16587,ARTEarleyTableIndexedPool,accept,OK,95.052,23.304,0.000,26.603,0.000,0.000,0.000,0.000,2197,2196,1,25613660
186,2024-08-30,16:00:16,art.jar,earleyTableIndexedPoolV3.bat,6,COBOL,rhul/et1/cob_rob.art,rhul/et1/cob_str.tok,16587,ARTEarleyTableIndexedPool,accept,OK,93.428,23.232,0.000,25.973,0.000,0.000,0.000,0.000,2197,2196,1,25613660
187,2024-08-30,16:00:26,art.jar,earleyTableIndexedPoolV3.bat,7,COBOL,rhul/et1/cob_rob.art,rhul/et1/cob_str.tok,16587,ARTEarleyTableIndexedPool,accept,OK,90.516,22.408,0.000,26.301,0.000,0.000,0.000,0.000,2197,2196,1,25613660
188,2024-08-30,16:00:36,art.jar,earleyTableIndexedPoolV3.bat,8,COBOL,rhul/et1/cob_rob.art,rhul/et1/cob_str.tok,16587,ARTEarleyTableIndexedPool,accept,OK,86.120,33.403,0.000,29.198,0.000,0.000,0.000,0.000,2197,2196,1,25613660
189,2024-08-30,16:00:46,art.jar,earleyTableIndexedPoolV3.bat,9,COBOL,rhul/et1/cob_rob.art,rhul/et1/cob_str.tok,16587,ARTEarleyTableIndexedPool,accept,OK,91.164,22.502,0.000,25.467,0.000,0.000,0.000,0.000,2197,2196,1,25613660
190,2024-08-30,16:00:56,art.jar,earleyTableIndexedPoolV3.bat,10,COBOL,rhul/et1/cob_rob.art,rhul/et1/cob_str.tok,16587,ARTEarleyTableIndexedPool,accept,OK,84.746,23.038,0.000,25.542,0.000,0.000,0.000,0.000,2197,2196,1,25613660
191,2024-08-30,16:01:06,art.jar,earleyTableIndexedPoolV3.bat,11,COBOL,rhul/et1/cob_rob.art,rhul/et1/cob_str.tok,16587,ARTEarleyTableIndexedPool,accept,OK,91.773,22.966,0.000,26.164,0.000,0.000,0.000,0.000,2197,2196,1,25613660
192,2024-08-30,16:01:16,art.jar,earleyTableIndexedPoolV3.bat,12,COBOL,rhul/et1/cob_rob.art,rhul/et1/cob_str.tok,16587,ARTEarleyTableIndexedPool,accept,OK,117.947,22.374,0.000,34.749,0.000,0.000,0.000,0.000,2197,2196,1,25613660
193,2024-08-30,16:01:26,art.jar,earleyTableIndexedPoolV3.bat,13,COBOL,rhul/et1/cob_rob.art,rhul/et1/cob_str.tok,16587,ARTEarleyTableIndexedPool,accept,OK,93.861,22.930,0.000,26.494,0.000,0.000,0.000,0.000,2197,2196,1,25613660
194,2024-08-30,16:01:37,art.jar,earleyTableIndexedPoolV3.bat,14,COBOL,rhul/et1/cob_rob.art,rhul/et1/cob_str.tok,16587,ARTEarleyTableIndexedPool,accept,OK,85.475,21.317,0.000,26.533,0.000,0.000,0.000,0.000,2197,2196,1,25613660
195,2024-08-30,16:01:47,art.jar,earleyTableIndexedPoolV3.bat,15,COBOL,rhul/et1/cob_rob.art,rhul/et1/cob_str.tok,16587,ARTEarleyTableIndexedPool,accept,OK,108.318,20.736,0.000,39.657,0.000,0.000,0.000,0.000,2197,2196,1,25613660
196,2024-08-30,16:01:57,art.jar,earleyTableIndexedPoolV3.bat,16,COBOL,rhul/et1/cob_rob.art,rhul/et1/cob_str.tok,16587,ARTEarleyTableIndexedPool,accept,OK,85.747,21.208,0.000,36.592,0.000,0.000,0.000,0.000,2197,2196,1,25613660
197,2024-08-30,16:02:08,art.jar,earleyTableIndexedPoolV3.bat,17,COBOL,rhul/et1/cob_rob.art,rhul/et1/cob_str.tok,16587,ARTEarleyTableIndexedPool,accept,OK,107.233,22.197,0.000,33.476,0.000,0.000,0.000,0.000,2197,2196,1,25613660
198,2024-08-30,16:02:18,art.jar,earleyTableIndexedPoolV3.bat,18,COBOL,rhul/et1/cob_rob.art,rhul/et1/cob_str.tok,16587,ARTEarleyTableIndexedPool,accept,OK,95.663,23.475,0.000,26.468,0.000,0.000,0.000,0.000,2197,2196,1,25613660
199,2024-08-30,16:02:28,art.jar,earleyTableIndexedPoolV3.bat,19,COBOL,rhul/et1/cob_rob.art,rhul/et1/cob_str.tok,16587,ARTEarleyTableIndexedPool,accept,OK,92.729,23.320,0.000,30.301,0.000,0.000,0.000,0.000,2197,2196,1,25613660
200,2024-08-30,16:02:39,art.jar,earleyTableIndexedPoolV3.bat,20,COBOL,rhul/et1/cob_rob.art,rhul/et1/cob_str.tok,16587,ARTEarleyTableIndexedPool,accept,OK,135.486,22.751,0.000,35.610,0.000,0.000,0.000,0.000,2197,2196,1,25613660
201,2024-08-30,16:02:49,art.jar,earleyTableIndexedPoolV3.bat,21,COBOL,rhul/et1/cob_rob.art,rhul/et1/cob_str.tok,16587,ARTEarleyTableIndexedPool,accept,OK,97.933,22.725,0.000,26.121,0.000,0.000,0.000,0.000,2197,2196,1,25613660
202,2024-08-30,16:02:59,art.jar,earleyTableIndexedPoolV3.bat,22,COBOL,rhul/et1/cob_rob.art,rhul/et1/cob_str.tok,16587,ARTEarleyTableIndexedPool,accept,OK,90.542,22.799,0.000,25.816,0.000,0.000,0.000,0.000,2197,2196,1,25613660
203,2024-08-30,16:03:09,art.jar,earleyTableIndexedPoolV3.bat,23,COBOL,rhul/et1/cob_rob.art,rhul/et1/cob_str.tok,16587,ARTEarleyTableIndexedPool,accept,OK,100.870,22.565,0.000,35.187,0.000,0.000,0.000,0.000,2197,2196,1,25613660
204,2024-08-30,16:03:19,art.jar,earleyTableIndexedPoolV3.bat,24,COBOL,rhul/et1/cob_rob.art,rhul/et1/cob_str.tok,16587,ARTEarleyTableIndexedPool,accept,OK,86.149,22.860,0.000,29.350,0.000,0.000,0.000,0.000,2197,2196,1,25613660
205,2024-08-30,16:03:30,art.jar,earleyTableIndexedPoolV3.bat,25,COBOL,rhul/et1/cob_rob.art,rhul/et1/cob_str.tok,16587,ARTEarleyTableIndexedPool,accept,OK,95.835,22.843,0.000,25.994,0.000,0.000,0.000,0.000,2197,2196,1,25613660
206,2024-08-30,16:03:40,art.jar,earleyTableIndexedPoolV3.bat,26,COBOL,rhul/et1/cob_rob.art,rhul/et1/cob_str.tok,16587,ARTEarleyTableIndexedPool,accept,OK,100.419,23.554,0.000,28.162,0.000,0.000,0.000,0.000,2197,2196,1,25613660
207,2024-08-30,16:03:50,art.jar,earleyTableIndexedPoolV3.bat,27,COBOL,rhul/et1/cob_rob.art,rhul/et1/cob_str.tok,16587,ARTEarleyTableIndexedPool,accept,OK,97.429,23.000,0.000,27.529,0.000,0.000,0.000,0.000,2197,2196,1,25613660
208,2024-08-30,16:04:00,art.jar,earleyTableIndexedPoolV3.bat,28,COBOL,rhul/et1/cob_rob.art,rhul/et1/cob_str.tok,16587,ARTEarleyTableIndexedPool,accept,OK,101.517,22.563,0.000,26.051,0.000,0.000,0.000,0.000,2197,2196,1,25613660
209,2024-08-30,16:04:11,art.jar,earleyTableIndexedPoolV3.bat,29,COBOL,rhul/et1/cob_rob.art,rhul/et1/cob_str.tok,16587,ARTEarleyTableIndexedPool,accept,OK,87.200,34.249,0.000,32.362,0.000,0.000,0.000,0.000,2197,2196,1,25613660
210,2024-08-30,16:04:21,art.jar,earleyTableIndexedPoolV3.bat,30,COBOL,rhul/et1/cob_rob.art,rhul/et1/cob_str.tok,16587,ARTEarleyTableIndexedPool,accept,OK,97.767,22.511,0.000,36.385,0.000,0.000,0.000,0.000,2197,2196,1,25613660
211,2024-08-30,16:04:31,art.jar,earleyTableIndexedPoolV3_g++.bat,1,COBOL,rhul/et1/cob_rob.art,rhul/et1/cob_str.tok,
cc1plus.exe: out of memory allocating 2147487743 bytes
212,2024-08-30,16:05:00,art.jar,earleyTableIndexedPoolV3_g++.bat,2,COBOL,rhul/et1/cob_rob.art,rhul/et1/cob_str.tok,
cc1plus.exe: out of memory allocating 2147487743 bytes
213,2024-08-30,16:05:29,art.jar,earleyTableIndexedPoolV3_g++.bat,3,COBOL,rhul/et1/cob_rob.art,rhul/et1/cob_str.tok,
cc1plus.exe: out of memory allocating 2147487743 bytes
214,2024-08-30,16:05:58,art.jar,earleyTableIndexedPoolV3_g++.bat,4,COBOL,rhul/et1/cob_rob.art,rhul/et1/cob_str.tok,
cc1plus.exe: out of memory allocating 2147487743 bytes
215,2024-08-30,16:06:27,art.jar,earleyTableIndexedPoolV3_g++.bat,5,COBOL,rhul/et1/cob_rob.art,rhul/et1/cob_str.tok,
cc1plus.exe: out of memory allocating 2147487743 bytes
216,2024-08-30,16:06:55,art.jar,earleyTableIndexedPoolV3_g++.bat,6,COBOL,rhul/et1/cob_rob.art,rhul/et1/cob_str.tok,
cc1plus.exe: out of memory allocating 2147487743 bytes
217,2024-08-30,16:07:24,art.jar,earleyTableIndexedPoolV3_g++.bat,7,COBOL,rhul/et1/cob_rob.art,rhul/et1/cob_str.tok,
cc1plus.exe: out of memory allocating 2147487743 bytes
218,2024-08-30,16:07:52,art.jar,earleyTableIndexedPoolV3_g++.bat,8,COBOL,rhul/et1/cob_rob.art,rhul/et1/cob_str.tok,
cc1plus.exe: out of memory allocating 2147487743 bytes
219,2024-08-30,16:08:21,art.jar,earleyTableIndexedPoolV3_g++.bat,9,COBOL,rhul/et1/cob_rob.art,rhul/et1/cob_str.tok,
cc1plus.exe: out of memory allocating 2147487743 bytes
220,2024-08-30,16:08:49,art.jar,earleyTableIndexedPoolV3_g++.bat,10,COBOL,rhul/et1/cob_rob.art,rhul/et1/cob_str.tok,
cc1plus.exe: out of memory allocating 2147487743 bytes
221,2024-08-30,16:09:18,art.jar,earleyTableIndexedPoolV3_g++.bat,11,COBOL,rhul/et1/cob_rob.art,rhul/et1/cob_str.tok,
cc1plus.exe: out of memory allocating 2147487743 bytes
222,2024-08-30,16:09:47,art.jar,earleyTableIndexedPoolV3_g++.bat,12,COBOL,rhul/et1/cob_rob.art,rhul/et1/cob_str.tok,
cc1plus.exe: out of memory allocating 2147487743 bytes
223,2024-08-30,16:10:15,art.jar,earleyTableIndexedPoolV3_g++.bat,13,COBOL,rhul/et1/cob_rob.art,rhul/et1/cob_str.tok,
cc1plus.exe: out of memory allocating 2147487743 bytes
224,2024-08-30,16:10:44,art.jar,earleyTableIndexedPoolV3_g++.bat,14,COBOL,rhul/et1/cob_rob.art,rhul/et1/cob_str.tok,
cc1plus.exe: out of memory allocating 2147487743 bytes
225,2024-08-30,16:11:12,art.jar,earleyTableIndexedPoolV3_g++.bat,15,COBOL,rhul/et1/cob_rob.art,rhul/et1/cob_str.tok,
cc1plus.exe: out of memory allocating 2147487743 bytes
226,2024-08-30,16:11:40,art.jar,earleyTableIndexedPoolV3_g++.bat,16,COBOL,rhul/et1/cob_rob.art,rhul/et1/cob_str.tok,
cc1plus.exe: out of memory allocating 2147487743 bytes
227,2024-08-30,16:12:09,art.jar,earleyTableIndexedPoolV3_g++.bat,17,COBOL,rhul/et1/cob_rob.art,rhul/et1/cob_str.tok,
cc1plus.exe: out of memory allocating 2147487743 bytes
228,2024-08-30,16:12:38,art.jar,earleyTableIndexedPoolV3_g++.bat,18,COBOL,rhul/et1/cob_rob.art,rhul/et1/cob_str.tok,
cc1plus.exe: out of memory allocating 2147487743 bytes
229,2024-08-30,16:13:06,art.jar,earleyTableIndexedPoolV3_g++.bat,19,COBOL,rhul/et1/cob_rob.art,rhul/et1/cob_str.tok,
cc1plus.exe: out of memory allocating 2147487743 bytes
230,2024-08-30,16:13:34,art.jar,earleyTableIndexedPoolV3_g++.bat,20,COBOL,rhul/et1/cob_rob.art,rhul/et1/cob_str.tok,
cc1plus.exe: out of memory allocating 2147487743 bytes
231,2024-08-30,16:14:03,art.jar,earleyTableIndexedPoolV3_g++.bat,21,COBOL,rhul/et1/cob_rob.art,rhul/et1/cob_str.tok,
cc1plus.exe: out of memory allocating 2147487743 bytes
232,2024-08-30,16:14:32,art.jar,earleyTableIndexedPoolV3_g++.bat,22,COBOL,rhul/et1/cob_rob.art,rhul/et1/cob_str.tok,
cc1plus.exe: out of memory allocating 2147487743 bytes
233,2024-08-30,16:15:00,art.jar,earleyTableIndexedPoolV3_g++.bat,23,COBOL,rhul/et1/cob_rob.art,rhul/et1/cob_str.tok,
cc1plus.exe: out of memory allocating 2147487743 bytes
234,2024-08-30,16:15:29,art.jar,earleyTableIndexedPoolV3_g++.bat,24,COBOL,rhul/et1/cob_rob.art,rhul/et1/cob_str.tok,
cc1plus.exe: out of memory allocating 2147487743 bytes
235,2024-08-30,16:15:58,art.jar,earleyTableIndexedPoolV3_g++.bat,25,COBOL,rhul/et1/cob_rob.art,rhul/et1/cob_str.tok,
cc1plus.exe: out of memory allocating 2147487743 bytes
236,2024-08-30,16:16:27,art.jar,earleyTableIndexedPoolV3_g++.bat,26,COBOL,rhul/et1/cob_rob.art,rhul/et1/cob_str.tok,
cc1plus.exe: out of memory allocating 2147487743 bytes
237,2024-08-30,16:16:55,art.jar,earleyTableIndexedPoolV3_g++.bat,27,COBOL,rhul/et1/cob_rob.art,rhul/et1/cob_str.tok,
cc1plus.exe: out of memory allocating 2147487743 bytes
238,2024-08-30,16:17:24,art.jar,earleyTableIndexedPoolV3_g++.bat,28,COBOL,rhul/et1/cob_rob.art,rhul/et1/cob_str.tok,
cc1plus.exe: out of memory allocating 2147487743 bytes
239,2024-08-30,16:17:53,art.jar,earleyTableIndexedPoolV3_g++.bat,29,COBOL,rhul/et1/cob_rob.art,rhul/et1/cob_str.tok,
cc1plus.exe: out of memory allocating 2147487743 bytes
240,2024-08-30,16:18:22,art.jar,earleyTableIndexedPoolV3_g++.bat,30,COBOL,rhul/et1/cob_rob.art,rhul/et1/cob_str.tok,
cc1plus.exe: out of memory allocating 2147487743 bytes
241,2024-08-30,16:18:50,art.jar,gllBaseLine.bat,1,COBOL,rhul/et1/cob_rob.art,rhul/et1/cob_str.tok,16587,GLLBaseLine,accept,OK,6.195,5.321,0.000,379.227,0.000,0.000,0.000,0.000,2198,2197,1,0
242,2024-08-30,16:20:04,art.jar,gllBaseLine.bat,2,COBOL,rhul/et1/cob_rob.art,rhul/et1/cob_str.tok,16587,GLLBaseLine,accept,OK,6.663,7.897,0.000,379.079,0.000,0.000,0.000,0.000,2198,2197,1,0
243,2024-08-30,16:21:19,art.jar,gllBaseLine.bat,3,COBOL,rhul/et1/cob_rob.art,rhul/et1/cob_str.tok,16587,GLLBaseLine,accept,OK,7.211,5.970,0.000,397.302,0.000,0.000,0.000,0.000,2198,2197,1,0
244,2024-08-30,16:22:35,art.jar,gllBaseLine.bat,4,COBOL,rhul/et1/cob_rob.art,rhul/et1/cob_str.tok,16587,GLLBaseLine,accept,OK,7.214,6.897,0.000,388.919,0.000,0.000,0.000,0.000,2198,2197,1,0
245,2024-08-30,16:23:52,art.jar,gllBaseLine.bat,5,COBOL,rhul/et1/cob_rob.art,rhul/et1/cob_str.tok,16587,GLLBaseLine,accept,OK,8.632,6.530,0.000,380.113,0.000,0.000,0.000,0.000,2198,2197,1,0
246,2024-08-30,16:25:09,art.jar,gllBaseLine.bat,6,COBOL,rhul/et1/cob_rob.art,rhul/et1/cob_str.tok,16587,GLLBaseLine,accept,OK,6.382,6.017,0.000,379.200,0.000,0.000,0.000,0.000,2198,2197,1,0
247,2024-08-30,16:26:24,art.jar,gllBaseLine.bat,7,COBOL,rhul/et1/cob_rob.art,rhul/et1/cob_str.tok,16587,GLLBaseLine,accept,OK,6.105,6.008,0.000,392.242,0.000,0.000,0.000,0.000,2198,2197,1,0
248,2024-08-30,16:27:39,art.jar,gllBaseLine.bat,8,COBOL,rhul/et1/cob_rob.art,rhul/et1/cob_str.tok,16587,GLLBaseLine,accept,OK,6.254,6.105,0.000,391.044,0.000,0.000,0.000,0.000,2198,2197,1,0
249,2024-08-30,16:28:53,art.jar,gllBaseLine.bat,9,COBOL,rhul/et1/cob_rob.art,rhul/et1/cob_str.tok,16587,GLLBaseLine,accept,OK,6.640,6.035,0.000,394.282,0.000,0.000,0.000,0.000,2198,2197,1,0
250,2024-08-30,16:30:08,art.jar,gllBaseLine.bat,10,COBOL,rhul/et1/cob_rob.art,rhul/et1/cob_str.tok,16587,GLLBaseLine,accept,OK,6.962,6.117,0.000,385.884,0.000,0.000,0.000,0.000,2198,2197,1,0
251,2024-08-30,16:31:20,art.jar,gllBaseLine.bat,11,COBOL,rhul/et1/cob_rob.art,rhul/et1/cob_str.tok,16587,GLLBaseLine,accept,OK,6.107,6.049,0.000,397.792,0.000,0.000,0.000,0.000,2198,2197,1,0
252,2024-08-30,16:32:33,art.jar,gllBaseLine.bat,12,COBOL,rhul/et1/cob_rob.art,rhul/et1/cob_str.tok,16587,GLLBaseLine,accept,OK,6.636,6.214,0.000,378.678,0.000,0.000,0.000,0.000,2198,2197,1,0
253,2024-08-30,16:33:47,art.jar,gllBaseLine.bat,13,COBOL,rhul/et1/cob_rob.art,rhul/et1/cob_str.tok,16587,GLLBaseLine,accept,OK,6.741,6.013,0.000,409.432,0.000,0.000,0.000,0.000,2198,2197,1,0
254,2024-08-30,16:35:01,art.jar,gllBaseLine.bat,14,COBOL,rhul/et1/cob_rob.art,rhul/et1/cob_str.tok,16587,GLLBaseLine,accept,OK,8.027,6.699,0.000,410.657,0.000,0.000,0.000,0.000,2198,2197,1,0
255,2024-08-30,16:36:17,art.jar,gllBaseLine.bat,15,COBOL,rhul/et1/cob_rob.art,rhul/et1/cob_str.tok,16587,GLLBaseLine,accept,OK,7.039,6.977,0.000,402.765,0.000,0.000,0.000,0.000,2198,2197,1,0
256,2024-08-30,16:37:30,art.jar,gllBaseLine.bat,16,COBOL,rhul/et1/cob_rob.art,rhul/et1/cob_str.tok,16587,GLLBaseLine,accept,OK,7.297,6.085,0.000,394.974,0.000,0.000,0.000,0.000,2198,2197,1,0
257,2024-08-30,16:38:46,art.jar,gllBaseLine.bat,17,COBOL,rhul/et1/cob_rob.art,rhul/et1/cob_str.tok,16587,GLLBaseLine,accept,OK,6.851,6.473,0.000,402.176,0.000,0.000,0.000,0.000,2198,2197,1,0
258,2024-08-30,16:39:59,art.jar,gllBaseLine.bat,18,COBOL,rhul/et1/cob_rob.art,rhul/et1/cob_str.tok,16587,GLLBaseLine,accept,OK,6.722,6.097,0.000,388.213,0.000,0.000,0.000,0.000,2198,2197,1,0
259,2024-08-30,16:41:15,art.jar,gllBaseLine.bat,19,COBOL,rhul/et1/cob_rob.art,rhul/et1/cob_str.tok,16587,GLLBaseLine,accept,OK,8.030,7.175,0.000,379.953,0.000,0.000,0.000,0.000,2198,2197,1,0
260,2024-08-30,16:42:29,art.jar,gllBaseLine.bat,20,COBOL,rhul/et1/cob_rob.art,rhul/et1/cob_str.tok,16587,GLLBaseLine,accept,OK,7.085,7.821,0.000,400.951,0.000,0.000,0.000,0.000,2198,2197,1,0
261,2024-08-30,16:43:42,art.jar,gllBaseLine.bat,21,COBOL,rhul/et1/cob_rob.art,rhul/et1/cob_str.tok,16587,GLLBaseLine,accept,OK,6.424,6.039,0.000,392.567,0.000,0.000,0.000,0.000,2198,2197,1,0
262,2024-08-30,16:44:58,art.jar,gllBaseLine.bat,22,COBOL,rhul/et1/cob_rob.art,rhul/et1/cob_str.tok,16587,GLLBaseLine,accept,OK,7.549,7.289,0.000,392.229,0.000,0.000,0.000,0.000,2198,2197,1,0
263,2024-08-30,16:46:13,art.jar,gllBaseLine.bat,23,COBOL,rhul/et1/cob_rob.art,rhul/et1/cob_str.tok,16587,GLLBaseLine,accept,OK,7.078,6.230,0.000,389.064,0.000,0.000,0.000,0.000,2198,2197,1,0
264,2024-08-30,16:47:30,art.jar,gllBaseLine.bat,24,COBOL,rhul/et1/cob_rob.art,rhul/et1/cob_str.tok,16587,GLLBaseLine,accept,OK,7.085,7.683,0.000,380.126,0.000,0.000,0.000,0.000,2198,2197,1,0
265,2024-08-30,16:48:46,art.jar,gllBaseLine.bat,25,COBOL,rhul/et1/cob_rob.art,rhul/et1/cob_str.tok,16587,GLLBaseLine,accept,OK,7.022,6.266,0.000,388.355,0.000,0.000,0.000,0.000,2198,2197,1,0
266,2024-08-30,16:50:00,art.jar,gllBaseLine.bat,26,COBOL,rhul/et1/cob_rob.art,rhul/et1/cob_str.tok,16587,GLLBaseLine,accept,OK,6.144,6.187,0.000,396.814,0.000,0.000,0.000,0.000,2198,2197,1,0
267,2024-08-30,16:51:15,art.jar,gllBaseLine.bat,27,COBOL,rhul/et1/cob_rob.art,rhul/et1/cob_str.tok,16587,GLLBaseLine,accept,OK,6.293,6.072,0.000,394.429,0.000,0.000,0.000,0.000,2198,2197,1,0
268,2024-08-30,16:52:30,art.jar,gllBaseLine.bat,28,COBOL,rhul/et1/cob_rob.art,rhul/et1/cob_str.tok,16587,GLLBaseLine,accept,OK,6.795,6.148,0.000,391.816,0.000,0.000,0.000,0.000,2198,2197,1,0
269,2024-08-30,16:53:46,art.jar,gllBaseLine.bat,29,COBOL,rhul/et1/cob_rob.art,rhul/et1/cob_str.tok,16587,GLLBaseLine,accept,OK,6.689,7.223,0.000,391.558,0.000,0.000,0.000,0.000,2198,2197,1,0
270,2024-08-30,16:54:59,art.jar,gllBaseLine.bat,30,COBOL,rhul/et1/cob_rob.art,rhul/et1/cob_str.tok,16587,GLLBaseLine,accept,OK,7.287,6.034,0.000,389.950,0.000,0.000,0.000,0.000,2198,2197,1,0
271,2024-08-30,16:56:14,art.jar,gllGeneratedV3.bat,1,COBOL,rhul/et1/cob_rob.art,rhul/et1/cob_str.tok,0,ARTGeneratedParser,accept,OK,122.200,34.604,0.000,28.939,0.000,0.000,0.000,0.000,0,-1,1,0
272,2024-08-30,16:56:28,art.jar,gllGeneratedV3.bat,2,COBOL,rhul/et1/cob_rob.art,rhul/et1/cob_str.tok,0,ARTGeneratedParser,accept,OK,141.276,35.421,0.000,28.157,0.000,0.000,0.000,0.000,0,-1,1,0
273,2024-08-30,16:56:42,art.jar,gllGeneratedV3.bat,3,COBOL,rhul/et1/cob_rob.art,rhul/et1/cob_str.tok,0,ARTGeneratedParser,accept,OK,128.106,35.869,0.000,29.528,0.000,0.000,0.000,0.000,0,-1,1,0
274,2024-08-30,16:56:57,art.jar,gllGeneratedV3.bat,4,COBOL,rhul/et1/cob_rob.art,rhul/et1/cob_str.tok,0,ARTGeneratedParser,accept,OK,157.607,34.808,0.000,29.399,0.000,0.000,0.000,0.000,0,-1,1,0
275,2024-08-30,16:57:12,art.jar,gllGeneratedV3.bat,5,COBOL,rhul/et1/cob_rob.art,rhul/et1/cob_str.tok,0,ARTGeneratedParser,accept,OK,150.024,35.653,0.000,29.519,0.000,0.000,0.000,0.000,0,-1,1,0
276,2024-08-30,16:57:27,art.jar,gllGeneratedV3.bat,6,COBOL,rhul/et1/cob_rob.art,rhul/et1/cob_str.tok,0,ARTGeneratedParser,accept,OK,144.416,35.907,0.000,29.301,0.000,0.000,0.000,0.000,0,-1,1,0
277,2024-08-30,16:57:41,art.jar,gllGeneratedV3.bat,7,COBOL,rhul/et1/cob_rob.art,rhul/et1/cob_str.tok,0,ARTGeneratedParser,accept,OK,129.979,37.438,0.000,30.848,0.000,0.000,0.000,0.000,0,-1,1,0
278,2024-08-30,16:57:56,art.jar,gllGeneratedV3.bat,8,COBOL,rhul/et1/cob_rob.art,rhul/et1/cob_str.tok,0,ARTGeneratedParser,accept,OK,138.552,35.816,0.000,28.814,0.000,0.000,0.000,0.000,0,-1,1,0
279,2024-08-30,16:58:11,art.jar,gllGeneratedV3.bat,9,COBOL,rhul/et1/cob_rob.art,rhul/et1/cob_str.tok,0,ARTGeneratedParser,accept,OK,138.786,35.445,0.000,28.584,0.000,0.000,0.000,0.000,0,-1,1,0
280,2024-08-30,16:58:26,art.jar,gllGeneratedV3.bat,10,COBOL,rhul/et1/cob_rob.art,rhul/et1/cob_str.tok,0,ARTGeneratedParser,accept,OK,130.662,35.775,0.000,29.205,0.000,0.000,0.000,0.000,0,-1,1,0
281,2024-08-30,16:58:40,art.jar,gllGeneratedV3.bat,11,COBOL,rhul/et1/cob_rob.art,rhul/et1/cob_str.tok,0,ARTGeneratedParser,accept,OK,149.671,36.518,0.000,29.379,0.000,0.000,0.000,0.000,0,-1,1,0
282,2024-08-30,16:58:55,art.jar,gllGeneratedV3.bat,12,COBOL,rhul/et1/cob_rob.art,rhul/et1/cob_str.tok,0,ARTGeneratedParser,accept,OK,146.484,36.157,0.000,29.449,0.000,0.000,0.000,0.000,0,-1,1,0
283,2024-08-30,16:59:10,art.jar,gllGeneratedV3.bat,13,COBOL,rhul/et1/cob_rob.art,rhul/et1/cob_str.tok,0,ARTGeneratedParser,accept,OK,146.080,34.870,0.000,28.901,0.000,0.000,0.000,0.000,0,-1,1,0
284,2024-08-30,16:59:25,art.jar,gllGeneratedV3.bat,14,COBOL,rhul/et1/cob_rob.art,rhul/et1/cob_str.tok,0,ARTGeneratedParser,accept,OK,144.952,35.499,0.000,29.202,0.000,0.000,0.000,0.000,0,-1,1,0
285,2024-08-30,16:59:40,art.jar,gllGeneratedV3.bat,15,COBOL,rhul/et1/cob_rob.art,rhul/et1/cob_str.tok,0,ARTGeneratedParser,accept,OK,139.292,36.228,0.000,29.722,0.000,0.000,0.000,0.000,0,-1,1,0
286,2024-08-30,16:59:55,art.jar,gllGeneratedV3.bat,16,COBOL,rhul/et1/cob_rob.art,rhul/et1/cob_str.tok,0,ARTGeneratedParser,accept,OK,162.140,35.445,0.000,33.396,0.000,0.000,0.000,0.000,0,-1,1,0
287,2024-08-30,17:00:09,art.jar,gllGeneratedV3.bat,17,COBOL,rhul/et1/cob_rob.art,rhul/et1/cob_str.tok,0,ARTGeneratedParser,accept,OK,152.697,36.169,0.000,29.512,0.000,0.000,0.000,0.000,0,-1,1,0
288,2024-08-30,17:00:24,art.jar,gllGeneratedV3.bat,18,COBOL,rhul/et1/cob_rob.art,rhul/et1/cob_str.tok,0,ARTGeneratedParser,accept,OK,142.222,35.455,0.000,29.599,0.000,0.000,0.000,0.000,0,-1,1,0
289,2024-08-30,17:00:39,art.jar,gllGeneratedV3.bat,19,COBOL,rhul/et1/cob_rob.art,rhul/et1/cob_str.tok,0,ARTGeneratedParser,accept,OK,137.803,35.788,0.000,28.801,0.000,0.000,0.000,0.000,0,-1,1,0
290,2024-08-30,17:00:54,art.jar,gllGeneratedV3.bat,20,COBOL,rhul/et1/cob_rob.art,rhul/et1/cob_str.tok,0,ARTGeneratedParser,accept,OK,141.870,36.416,0.000,28.537,0.000,0.000,0.000,0.000,0,-1,1,0
291,2024-08-30,17:01:09,art.jar,gllGeneratedV3.bat,21,COBOL,rhul/et1/cob_rob.art,rhul/et1/cob_str.tok,0,ARTGeneratedParser,accept,OK,147.967,35.828,0.000,28.740,0.000,0.000,0.000,0.000,0,-1,1,0
292,2024-08-30,17:01:24,art.jar,gllGeneratedV3.bat,22,COBOL,rhul/et1/cob_rob.art,rhul/et1/cob_str.tok,0,ARTGeneratedParser,accept,OK,147.379,35.944,0.000,28.526,0.000,0.000,0.000,0.000,0,-1,1,0
293,2024-08-30,17:01:39,art.jar,gllGeneratedV3.bat,23,COBOL,rhul/et1/cob_rob.art,rhul/et1/cob_str.tok,0,ARTGeneratedParser,accept,OK,142.582,35.968,0.000,28.787,0.000,0.000,0.000,0.000,0,-1,1,0
294,2024-08-30,17:01:53,art.jar,gllGeneratedV3.bat,24,COBOL,rhul/et1/cob_rob.art,rhul/et1/cob_str.tok,0,ARTGeneratedParser,accept,OK,140.447,35.896,0.000,29.673,0.000,0.000,0.000,0.000,0,-1,1,0
295,2024-08-30,17:02:08,art.jar,gllGeneratedV3.bat,25,COBOL,rhul/et1/cob_rob.art,rhul/et1/cob_str.tok,0,ARTGeneratedParser,accept,OK,143.175,35.344,0.000,28.938,0.000,0.000,0.000,0.000,0,-1,1,0
296,2024-08-30,17:02:24,art.jar,gllGeneratedV3.bat,26,COBOL,rhul/et1/cob_rob.art,rhul/et1/cob_str.tok,0,ARTGeneratedParser,accept,OK,136.084,36.323,0.000,29.740,0.000,0.000,0.000,0.000,0,-1,1,0
297,2024-08-30,17:02:39,art.jar,gllGeneratedV3.bat,27,COBOL,rhul/et1/cob_rob.art,rhul/et1/cob_str.tok,0,ARTGeneratedParser,accept,OK,146.592,35.477,0.000,28.984,0.000,0.000,0.000,0.000,0,-1,1,0
298,2024-08-30,17:02:54,art.jar,gllGeneratedV3.bat,28,COBOL,rhul/et1/cob_rob.art,rhul/et1/cob_str.tok,0,ARTGeneratedParser,accept,OK,145.645,35.761,0.000,30.730,0.000,0.000,0.000,0.000,0,-1,1,0
299,2024-08-30,17:03:09,art.jar,gllGeneratedV3.bat,29,COBOL,rhul/et1/cob_rob.art,rhul/et1/cob_str.tok,0,ARTGeneratedParser,accept,OK,149.626,35.613,0.000,28.486,0.000,0.000,0.000,0.000,0,-1,1,0
300,2024-08-30,17:03:24,art.jar,gllGeneratedV3.bat,30,COBOL,rhul/et1/cob_rob.art,rhul/et1/cob_str.tok,0,ARTGeneratedParser,accept,OK,129.691,37.394,0.000,29.127,0.000,0.000,0.000,0.000,0,-1,1,0
301,2024-08-30,17:03:39,art.jar,gllHashPool.bat,1,COBOL,rhul/et1/cob_rob.art,rhul/et1/cob_str.tok,16587,GLLHashPool,accept,OK,6.973,6.355,0.000,172.903,0.000,0.000,0.000,0.000,2198,2197,1,0
302,2024-08-30,17:04:52,art.jar,gllHashPool.bat,2,COBOL,rhul/et1/cob_rob.art,rhul/et1/cob_str.tok,16587,GLLHashPool,accept,OK,7.800,6.361,0.000,173.322,0.000,0.000,0.000,0.000,2198,2197,1,0
303,2024-08-30,17:06:03,art.jar,gllHashPool.bat,3,COBOL,rhul/et1/cob_rob.art,rhul/et1/cob_str.tok,16587,GLLHashPool,accept,OK,7.218,6.276,0.000,167.929,0.000,0.000,0.000,0.000,2198,2197,1,0
304,2024-08-30,17:07:18,art.jar,gllHashPool.bat,4,COBOL,rhul/et1/cob_rob.art,rhul/et1/cob_str.tok,16587,GLLHashPool,accept,OK,6.306,6.142,0.000,170.718,0.000,0.000,0.000,0.000,2198,2197,1,0
305,2024-08-30,17:08:34,art.jar,gllHashPool.bat,5,COBOL,rhul/et1/cob_rob.art,rhul/et1/cob_str.tok,16587,GLLHashPool,accept,OK,7.492,6.251,0.000,173.209,0.000,0.000,0.000,0.000,2198,2197,1,0
306,2024-08-30,17:09:48,art.jar,gllHashPool.bat,6,COBOL,rhul/et1/cob_rob.art,rhul/et1/cob_str.tok,16587,GLLHashPool,accept,OK,7.123,6.421,0.000,171.719,0.000,0.000,0.000,0.000,2198,2197,1,0
307,2024-08-30,17:11:02,art.jar,gllHashPool.bat,7,COBOL,rhul/et1/cob_rob.art,rhul/et1/cob_str.tok,16587,GLLHashPool,accept,OK,7.076,6.488,0.000,172.824,0.000,0.000,0.000,0.000,2198,2197,1,0
308,2024-08-30,17:12:17,art.jar,gllHashPool.bat,8,COBOL,rhul/et1/cob_rob.art,rhul/et1/cob_str.tok,16587,GLLHashPool,accept,OK,7.168,7.843,0.000,170.488,0.000,0.000,0.000,0.000,2198,2197,1,0
309,2024-08-30,17:13:30,art.jar,gllHashPool.bat,9,COBOL,rhul/et1/cob_rob.art,rhul/et1/cob_str.tok,16587,GLLHashPool,accept,OK,6.945,6.503,0.000,168.687,0.000,0.000,0.000,0.000,2198,2197,1,0
310,2024-08-30,17:14:46,art.jar,gllHashPool.bat,10,COBOL,rhul/et1/cob_rob.art,rhul/et1/cob_str.tok,16587,GLLHashPool,accept,OK,6.408,6.159,0.000,171.920,0.000,0.000,0.000,0.000,2198,2197,1,0
311,2024-08-30,17:16:00,art.jar,gllHashPool.bat,11,COBOL,rhul/et1/cob_rob.art,rhul/et1/cob_str.tok,16587,GLLHashPool,accept,OK,6.998,6.208,0.000,168.839,0.000,0.000,0.000,0.000,2198,2197,1,0
312,2024-08-30,17:17:14,art.jar,gllHashPool.bat,12,COBOL,rhul/et1/cob_rob.art,rhul/et1/cob_str.tok,16587,GLLHashPool,accept,OK,6.338,7.446,0.000,173.691,0.000,0.000,0.000,0.000,2198,2197,1,0
313,2024-08-30,17:18:28,art.jar,gllHashPool.bat,13,COBOL,rhul/et1/cob_rob.art,rhul/et1/cob_str.tok,16587,GLLHashPool,accept,OK,7.317,7.417,0.000,168.948,0.000,0.000,0.000,0.000,2198,2197,1,0
314,2024-08-30,17:19:43,art.jar,gllHashPool.bat,14,COBOL,rhul/et1/cob_rob.art,rhul/et1/cob_str.tok,16587,GLLHashPool,accept,OK,8.317,6.380,0.000,180.049,0.000,0.000,0.000,0.000,2198,2197,1,0
315,2024-08-30,17:20:57,art.jar,gllHashPool.bat,15,COBOL,rhul/et1/cob_rob.art,rhul/et1/cob_str.tok,16587,GLLHashPool,accept,OK,7.275,6.899,0.000,174.074,0.000,0.000,0.000,0.000,2198,2197,1,0
316,2024-08-30,17:22:10,art.jar,gllHashPool.bat,16,COBOL,rhul/et1/cob_rob.art,rhul/et1/cob_str.tok,16587,GLLHashPool,accept,OK,7.263,6.019,0.000,167.700,0.000,0.000,0.000,0.000,2198,2197,1,0
317,2024-08-30,17:23:25,art.jar,gllHashPool.bat,17,COBOL,rhul/et1/cob_rob.art,rhul/et1/cob_str.tok,16587,GLLHashPool,accept,OK,6.791,5.835,0.000,170.835,0.000,0.000,0.000,0.000,2198,2197,1,0
318,2024-08-30,17:24:38,art.jar,gllHashPool.bat,18,COBOL,rhul/et1/cob_rob.art,rhul/et1/cob_str.tok,16587,GLLHashPool,accept,OK,6.597,6.074,0.000,169.698,0.000,0.000,0.000,0.000,2198,2197,1,0
319,2024-08-30,17:25:51,art.jar,gllHashPool.bat,19,COBOL,rhul/et1/cob_rob.art,rhul/et1/cob_str.tok,16587,GLLHashPool,accept,OK,7.289,6.771,0.000,170.272,0.000,0.000,0.000,0.000,2198,2197,1,0
320,2024-08-30,17:27:04,art.jar,gllHashPool.bat,20,COBOL,rhul/et1/cob_rob.art,rhul/et1/cob_str.tok,16587,GLLHashPool,accept,OK,6.754,6.188,0.000,166.442,0.000,0.000,0.000,0.000,2198,2197,1,0
321,2024-08-30,17:28:18,art.jar,gllHashPool.bat,21,COBOL,rhul/et1/cob_rob.art,rhul/et1/cob_str.tok,16587,GLLHashPool,accept,OK,6.549,7.331,0.000,168.397,0.000,0.000,0.000,0.000,2198,2197,1,0
322,2024-08-30,17:29:31,art.jar,gllHashPool.bat,22,COBOL,rhul/et1/cob_rob.art,rhul/et1/cob_str.tok,16587,GLLHashPool,accept,OK,6.930,6.932,0.000,174.029,0.000,0.000,0.000,0.000,2198,2197,1,0
323,2024-08-30,17:30:45,art.jar,gllHashPool.bat,23,COBOL,rhul/et1/cob_rob.art,rhul/et1/cob_str.tok,16587,GLLHashPool,accept,OK,7.179,6.565,0.000,169.966,0.000,0.000,0.000,0.000,2198,2197,1,0
324,2024-08-30,17:32:01,art.jar,gllHashPool.bat,24,COBOL,rhul/et1/cob_rob.art,rhul/et1/cob_str.tok,16587,GLLHashPool,accept,OK,8.567,6.355,0.000,173.224,0.000,0.000,0.000,0.000,2198,2197,1,0
325,2024-08-30,17:33:17,art.jar,gllHashPool.bat,25,COBOL,rhul/et1/cob_rob.art,rhul/et1/cob_str.tok,16587,GLLHashPool,accept,OK,7.310,6.443,0.000,171.039,0.000,0.000,0.000,0.000,2198,2197,1,0
326,2024-08-30,17:34:31,art.jar,gllHashPool.bat,26,COBOL,rhul/et1/cob_rob.art,rhul/et1/cob_str.tok,16587,GLLHashPool,accept,OK,6.703,7.147,0.000,174.666,0.000,0.000,0.000,0.000,2198,2197,1,0
327,2024-08-30,17:35:46,art.jar,gllHashPool.bat,27,COBOL,rhul/et1/cob_rob.art,rhul/et1/cob_str.tok,16587,GLLHashPool,accept,OK,7.922,6.818,0.000,177.377,0.000,0.000,0.000,0.000,2198,2197,1,0
328,2024-08-30,17:37:01,art.jar,gllHashPool.bat,28,COBOL,rhul/et1/cob_rob.art,rhul/et1/cob_str.tok,16587,GLLHashPool,accept,OK,6.915,6.644,0.000,174.753,0.000,0.000,0.000,0.000,2198,2197,1,0
329,2024-08-30,17:38:17,art.jar,gllHashPool.bat,29,COBOL,rhul/et1/cob_rob.art,rhul/et1/cob_str.tok,16587,GLLHashPool,accept,OK,7.687,6.305,0.000,172.027,0.000,0.000,0.000,0.000,2198,2197,1,0
330,2024-08-30,17:39:31,art.jar,gllHashPool.bat,30,COBOL,rhul/et1/cob_rob.art,rhul/et1/cob_str.tok,16587,GLLHashPool,accept,OK,6.851,6.255,0.000,171.054,0.000,0.000,0.000,0.000,2198,2197,1,0
331,2024-08-30,17:40:43,gtb_mgw32_gcc_O3.exe,rnglr_lr1.gtb,1,COBOL,rhul/et1/cob_rob.gtb,rhul/et1/cob_str.tok,******: Fatal - ran out of dfa table space: try a larger value for paramater 2
332,2024-08-30,17:41:01,gtb_mgw32_gcc_O3.exe,rnglr_lr1.gtb,2,COBOL,rhul/et1/cob_rob.gtb,rhul/et1/cob_str.tok,******: Fatal - ran out of dfa table space: try a larger value for paramater 2
333,2024-08-30,17:41:19,gtb_mgw32_gcc_O3.exe,rnglr_lr1.gtb,3,COBOL,rhul/et1/cob_rob.gtb,rhul/et1/cob_str.tok,******: Fatal - ran out of dfa table space: try a larger value for paramater 2
334,2024-08-30,17:41:37,gtb_mgw32_gcc_O3.exe,rnglr_lr1.gtb,4,COBOL,rhul/et1/cob_rob.gtb,rhul/et1/cob_str.tok,******: Fatal - ran out of dfa table space: try a larger value for paramater 2
335,2024-08-30,17:41:54,gtb_mgw32_gcc_O3.exe,rnglr_lr1.gtb,5,COBOL,rhul/et1/cob_rob.gtb,rhul/et1/cob_str.tok,******: Fatal - ran out of dfa table space: try a larger value for paramater 2
336,2024-08-30,17:42:11,gtb_mgw32_gcc_O3.exe,rnglr_lr1.gtb,6,COBOL,rhul/et1/cob_rob.gtb,rhul/et1/cob_str.tok,******: Fatal - ran out of dfa table space: try a larger value for paramater 2
337,2024-08-30,17:42:29,gtb_mgw32_gcc_O3.exe,rnglr_lr1.gtb,7,COBOL,rhul/et1/cob_rob.gtb,rhul/et1/cob_str.tok,******: Fatal - ran out of dfa table space: try a larger value for paramater 2
338,2024-08-30,17:42:46,gtb_mgw32_gcc_O3.exe,rnglr_lr1.gtb,8,COBOL,rhul/et1/cob_rob.gtb,rhul/et1/cob_str.tok,******: Fatal - ran out of dfa table space: try a larger value for paramater 2
339,2024-08-30,17:43:04,gtb_mgw32_gcc_O3.exe,rnglr_lr1.gtb,9,COBOL,rhul/et1/cob_rob.gtb,rhul/et1/cob_str.tok,******: Fatal - ran out of dfa table space: try a larger value for paramater 2
340,2024-08-30,17:43:22,gtb_mgw32_gcc_O3.exe,rnglr_lr1.gtb,10,COBOL,rhul/et1/cob_rob.gtb,rhul/et1/cob_str.tok,******: Fatal - ran out of dfa table space: try a larger value for paramater 2
341,2024-08-30,17:43:39,gtb_mgw32_gcc_O3.exe,rnglr_lr1.gtb,11,COBOL,rhul/et1/cob_rob.gtb,rhul/et1/cob_str.tok,******: Fatal - ran out of dfa table space: try a larger value for paramater 2
342,2024-08-30,17:43:57,gtb_mgw32_gcc_O3.exe,rnglr_lr1.gtb,12,COBOL,rhul/et1/cob_rob.gtb,rhul/et1/cob_str.tok,******: Fatal - ran out of dfa table space: try a larger value for paramater 2
343,2024-08-30,17:44:14,gtb_mgw32_gcc_O3.exe,rnglr_lr1.gtb,13,COBOL,rhul/et1/cob_rob.gtb,rhul/et1/cob_str.tok,******: Fatal - ran out of dfa table space: try a larger value for paramater 2
344,2024-08-30,17:44:32,gtb_mgw32_gcc_O3.exe,rnglr_lr1.gtb,14,COBOL,rhul/et1/cob_rob.gtb,rhul/et1/cob_str.tok,******: Fatal - ran out of dfa table space: try a larger value for paramater 2
345,2024-08-30,17:44:50,gtb_mgw32_gcc_O3.exe,rnglr_lr1.gtb,15,COBOL,rhul/et1/cob_rob.gtb,rhul/et1/cob_str.tok,******: Fatal - ran out of dfa table space: try a larger value for paramater 2
346,2024-08-30,17:45:07,gtb_mgw32_gcc_O3.exe,rnglr_lr1.gtb,16,COBOL,rhul/et1/cob_rob.gtb,rhul/et1/cob_str.tok,******: Fatal - ran out of dfa table space: try a larger value for paramater 2
347,2024-08-30,17:45:24,gtb_mgw32_gcc_O3.exe,rnglr_lr1.gtb,17,COBOL,rhul/et1/cob_rob.gtb,rhul/et1/cob_str.tok,******: Fatal - ran out of dfa table space: try a larger value for paramater 2
348,2024-08-30,17:45:42,gtb_mgw32_gcc_O3.exe,rnglr_lr1.gtb,18,COBOL,rhul/et1/cob_rob.gtb,rhul/et1/cob_str.tok,******: Fatal - ran out of dfa table space: try a larger value for paramater 2
349,2024-08-30,17:46:00,gtb_mgw32_gcc_O3.exe,rnglr_lr1.gtb,19,COBOL,rhul/et1/cob_rob.gtb,rhul/et1/cob_str.tok,******: Fatal - ran out of dfa table space: try a larger value for paramater 2
350,2024-08-30,17:46:17,gtb_mgw32_gcc_O3.exe,rnglr_lr1.gtb,20,COBOL,rhul/et1/cob_rob.gtb,rhul/et1/cob_str.tok,******: Fatal - ran out of dfa table space: try a larger value for paramater 2
351,2024-08-30,17:46:35,gtb_mgw32_gcc_O3.exe,rnglr_lr1.gtb,21,COBOL,rhul/et1/cob_rob.gtb,rhul/et1/cob_str.tok,******: Fatal - ran out of dfa table space: try a larger value for paramater 2
352,2024-08-30,17:46:53,gtb_mgw32_gcc_O3.exe,rnglr_lr1.gtb,22,COBOL,rhul/et1/cob_rob.gtb,rhul/et1/cob_str.tok,******: Fatal - ran out of dfa table space: try a larger value for paramater 2
353,2024-08-30,17:47:11,gtb_mgw32_gcc_O3.exe,rnglr_lr1.gtb,23,COBOL,rhul/et1/cob_rob.gtb,rhul/et1/cob_str.tok,******: Fatal - ran out of dfa table space: try a larger value for paramater 2
354,2024-08-30,17:47:29,gtb_mgw32_gcc_O3.exe,rnglr_lr1.gtb,24,COBOL,rhul/et1/cob_rob.gtb,rhul/et1/cob_str.tok,******: Fatal - ran out of dfa table space: try a larger value for paramater 2
355,2024-08-30,17:47:46,gtb_mgw32_gcc_O3.exe,rnglr_lr1.gtb,25,COBOL,rhul/et1/cob_rob.gtb,rhul/et1/cob_str.tok,******: Fatal - ran out of dfa table space: try a larger value for paramater 2
356,2024-08-30,17:48:04,gtb_mgw32_gcc_O3.exe,rnglr_lr1.gtb,26,COBOL,rhul/et1/cob_rob.gtb,rhul/et1/cob_str.tok,******: Fatal - ran out of dfa table space: try a larger value for paramater 2
357,2024-08-30,17:48:22,gtb_mgw32_gcc_O3.exe,rnglr_lr1.gtb,27,COBOL,rhul/et1/cob_rob.gtb,rhul/et1/cob_str.tok,******: Fatal - ran out of dfa table space: try a larger value for paramater 2
358,2024-08-30,17:48:39,gtb_mgw32_gcc_O3.exe,rnglr_lr1.gtb,28,COBOL,rhul/et1/cob_rob.gtb,rhul/et1/cob_str.tok,******: Fatal - ran out of dfa table space: try a larger value for paramater 2
359,2024-08-30,17:48:57,gtb_mgw32_gcc_O3.exe,rnglr_lr1.gtb,29,COBOL,rhul/et1/cob_rob.gtb,rhul/et1/cob_str.tok,******: Fatal - ran out of dfa table space: try a larger value for paramater 2
360,2024-08-30,17:49:15,gtb_mgw32_gcc_O3.exe,rnglr_lr1.gtb,30,COBOL,rhul/et1/cob_rob.gtb,rhul/et1/cob_str.tok,******: Fatal - ran out of dfa table space: try a larger value for paramater 2
361,2024-08-30,17:49:33,gtb_mgw32_gcc_O3_pool.exe,rnglr_lr1.gtb,1,COBOL,rhul/et1/cob_rob.gtb,rhul/et1/cob_str.tok,******: Fatal - ran out of dfa table space: try a larger value for paramater 2
362,2024-08-30,17:49:51,gtb_mgw32_gcc_O3_pool.exe,rnglr_lr1.gtb,2,COBOL,rhul/et1/cob_rob.gtb,rhul/et1/cob_str.tok,******: Fatal - ran out of dfa table space: try a larger value for paramater 2
363,2024-08-30,17:50:09,gtb_mgw32_gcc_O3_pool.exe,rnglr_lr1.gtb,3,COBOL,rhul/et1/cob_rob.gtb,rhul/et1/cob_str.tok,******: Fatal - ran out of dfa table space: try a larger value for paramater 2
364,2024-08-30,17:50:27,gtb_mgw32_gcc_O3_pool.exe,rnglr_lr1.gtb,4,COBOL,rhul/et1/cob_rob.gtb,rhul/et1/cob_str.tok,******: Fatal - ran out of dfa table space: try a larger value for paramater 2
365,2024-08-30,17:50:45,gtb_mgw32_gcc_O3_pool.exe,rnglr_lr1.gtb,5,COBOL,rhul/et1/cob_rob.gtb,rhul/et1/cob_str.tok,******: Fatal - ran out of dfa table space: try a larger value for paramater 2
366,2024-08-30,17:51:03,gtb_mgw32_gcc_O3_pool.exe,rnglr_lr1.gtb,6,COBOL,rhul/et1/cob_rob.gtb,rhul/et1/cob_str.tok,******: Fatal - ran out of dfa table space: try a larger value for paramater 2
367,2024-08-30,17:51:21,gtb_mgw32_gcc_O3_pool.exe,rnglr_lr1.gtb,7,COBOL,rhul/et1/cob_rob.gtb,rhul/et1/cob_str.tok,******: Fatal - ran out of dfa table space: try a larger value for paramater 2
368,2024-08-30,17:51:39,gtb_mgw32_gcc_O3_pool.exe,rnglr_lr1.gtb,8,COBOL,rhul/et1/cob_rob.gtb,rhul/et1/cob_str.tok,******: Fatal - ran out of dfa table space: try a larger value for paramater 2
369,2024-08-30,17:51:57,gtb_mgw32_gcc_O3_pool.exe,rnglr_lr1.gtb,9,COBOL,rhul/et1/cob_rob.gtb,rhul/et1/cob_str.tok,******: Fatal - ran out of dfa table space: try a larger value for paramater 2
370,2024-08-30,17:52:15,gtb_mgw32_gcc_O3_pool.exe,rnglr_lr1.gtb,10,COBOL,rhul/et1/cob_rob.gtb,rhul/et1/cob_str.tok,******: Fatal - ran out of dfa table space: try a larger value for paramater 2
371,2024-08-30,17:52:33,gtb_mgw32_gcc_O3_pool.exe,rnglr_lr1.gtb,11,COBOL,rhul/et1/cob_rob.gtb,rhul/et1/cob_str.tok,******: Fatal - ran out of dfa table space: try a larger value for paramater 2
372,2024-08-30,17:52:51,gtb_mgw32_gcc_O3_pool.exe,rnglr_lr1.gtb,12,COBOL,rhul/et1/cob_rob.gtb,rhul/et1/cob_str.tok,******: Fatal - ran out of dfa table space: try a larger value for paramater 2
373,2024-08-30,17:53:09,gtb_mgw32_gcc_O3_pool.exe,rnglr_lr1.gtb,13,COBOL,rhul/et1/cob_rob.gtb,rhul/et1/cob_str.tok,******: Fatal - ran out of dfa table space: try a larger value for paramater 2
374,2024-08-30,17:53:27,gtb_mgw32_gcc_O3_pool.exe,rnglr_lr1.gtb,14,COBOL,rhul/et1/cob_rob.gtb,rhul/et1/cob_str.tok,******: Fatal - ran out of dfa table space: try a larger value for paramater 2
375,2024-08-30,17:53:45,gtb_mgw32_gcc_O3_pool.exe,rnglr_lr1.gtb,15,COBOL,rhul/et1/cob_rob.gtb,rhul/et1/cob_str.tok,******: Fatal - ran out of dfa table space: try a larger value for paramater 2
376,2024-08-30,17:54:03,gtb_mgw32_gcc_O3_pool.exe,rnglr_lr1.gtb,16,COBOL,rhul/et1/cob_rob.gtb,rhul/et1/cob_str.tok,******: Fatal - ran out of dfa table space: try a larger value for paramater 2
377,2024-08-30,17:54:21,gtb_mgw32_gcc_O3_pool.exe,rnglr_lr1.gtb,17,COBOL,rhul/et1/cob_rob.gtb,rhul/et1/cob_str.tok,******: Fatal - ran out of dfa table space: try a larger value for paramater 2
378,2024-08-30,17:54:39,gtb_mgw32_gcc_O3_pool.exe,rnglr_lr1.gtb,18,COBOL,rhul/et1/cob_rob.gtb,rhul/et1/cob_str.tok,******: Fatal - ran out of dfa table space: try a larger value for paramater 2
379,2024-08-30,17:54:57,gtb_mgw32_gcc_O3_pool.exe,rnglr_lr1.gtb,19,COBOL,rhul/et1/cob_rob.gtb,rhul/et1/cob_str.tok,******: Fatal - ran out of dfa table space: try a larger value for paramater 2
380,2024-08-30,17:55:15,gtb_mgw32_gcc_O3_pool.exe,rnglr_lr1.gtb,20,COBOL,rhul/et1/cob_rob.gtb,rhul/et1/cob_str.tok,******: Fatal - ran out of dfa table space: try a larger value for paramater 2
381,2024-08-30,17:55:33,gtb_mgw32_gcc_O3_pool.exe,rnglr_lr1.gtb,21,COBOL,rhul/et1/cob_rob.gtb,rhul/et1/cob_str.tok,******: Fatal - ran out of dfa table space: try a larger value for paramater 2
382,2024-08-30,17:55:51,gtb_mgw32_gcc_O3_pool.exe,rnglr_lr1.gtb,22,COBOL,rhul/et1/cob_rob.gtb,rhul/et1/cob_str.tok,******: Fatal - ran out of dfa table space: try a larger value for paramater 2
383,2024-08-30,17:56:09,gtb_mgw32_gcc_O3_pool.exe,rnglr_lr1.gtb,23,COBOL,rhul/et1/cob_rob.gtb,rhul/et1/cob_str.tok,******: Fatal - ran out of dfa table space: try a larger value for paramater 2
384,2024-08-30,17:56:27,gtb_mgw32_gcc_O3_pool.exe,rnglr_lr1.gtb,24,COBOL,rhul/et1/cob_rob.gtb,rhul/et1/cob_str.tok,******: Fatal - ran out of dfa table space: try a larger value for paramater 2
385,2024-08-30,17:56:44,gtb_mgw32_gcc_O3_pool.exe,rnglr_lr1.gtb,25,COBOL,rhul/et1/cob_rob.gtb,rhul/et1/cob_str.tok,******: Fatal - ran out of dfa table space: try a larger value for paramater 2
386,2024-08-30,17:57:02,gtb_mgw32_gcc_O3_pool.exe,rnglr_lr1.gtb,26,COBOL,rhul/et1/cob_rob.gtb,rhul/et1/cob_str.tok,******: Fatal - ran out of dfa table space: try a larger value for paramater 2
387,2024-08-30,17:57:21,gtb_mgw32_gcc_O3_pool.exe,rnglr_lr1.gtb,27,COBOL,rhul/et1/cob_rob.gtb,rhul/et1/cob_str.tok,******: Fatal - ran out of dfa table space: try a larger value for paramater 2
388,2024-08-30,17:57:39,gtb_mgw32_gcc_O3_pool.exe,rnglr_lr1.gtb,28,COBOL,rhul/et1/cob_rob.gtb,rhul/et1/cob_str.tok,******: Fatal - ran out of dfa table space: try a larger value for paramater 2
389,2024-08-30,17:57:57,gtb_mgw32_gcc_O3_pool.exe,rnglr_lr1.gtb,29,COBOL,rhul/et1/cob_rob.gtb,rhul/et1/cob_str.tok,******: Fatal - ran out of dfa table space: try a larger value for paramater 2
390,2024-08-30,17:58:14,gtb_mgw32_gcc_O3_pool.exe,rnglr_lr1.gtb,30,COBOL,rhul/et1/cob_rob.gtb,rhul/et1/cob_str.tok,******: Fatal - ran out of dfa table space: try a larger value for paramater 2
391,2024-08-30,17:58:32,gtb_mgw32_gcc_O3.exe,rnglr_slr1.gtb,1,COBOL,rhul/et1/cob_rob.gtb,rhul/et1/cob_str.tok,16047,RNLGR (GTB with standard memory allocator),accept,OK,9.697,9.437,0.000,13.282,0.000,0.000,0.000,0.000,2197,2196,1,0
392,2024-08-30,17:58:35,gtb_mgw32_gcc_O3.exe,rnglr_slr1.gtb,2,COBOL,rhul/et1/cob_rob.gtb,rhul/et1/cob_str.tok,16047,RNLGR (GTB with standard memory allocator),accept,OK,9.876,9.599,0.000,13.296,0.000,0.000,0.000,0.000,2197,2196,1,0
393,2024-08-30,17:58:37,gtb_mgw32_gcc_O3.exe,rnglr_slr1.gtb,3,COBOL,rhul/et1/cob_rob.gtb,rhul/et1/cob_str.tok,16047,RNLGR (GTB with standard memory allocator),accept,OK,9.626,9.342,0.000,12.928,0.000,0.000,0.000,0.000,2197,2196,1,0
394,2024-08-30,17:58:39,gtb_mgw32_gcc_O3.exe,rnglr_slr1.gtb,4,COBOL,rhul/et1/cob_rob.gtb,rhul/et1/cob_str.tok,16047,RNLGR (GTB with standard memory allocator),accept,OK,10.012,9.654,0.000,13.329,0.000,0.000,0.000,0.000,2197,2196,1,0
395,2024-08-30,17:58:41,gtb_mgw32_gcc_O3.exe,rnglr_slr1.gtb,5,COBOL,rhul/et1/cob_rob.gtb,rhul/et1/cob_str.tok,16047,RNLGR (GTB with standard memory allocator),accept,OK,10.032,9.665,0.000,13.332,0.000,0.000,0.000,0.000,2197,2196,1,0
396,2024-08-30,17:58:44,gtb_mgw32_gcc_O3.exe,rnglr_slr1.gtb,6,COBOL,rhul/et1/cob_rob.gtb,rhul/et1/cob_str.tok,16047,RNLGR (GTB with standard memory allocator),accept,OK,9.999,9.693,0.000,13.271,0.000,0.000,0.000,0.000,2197,2196,1,0
397,2024-08-30,17:58:46,gtb_mgw32_gcc_O3.exe,rnglr_slr1.gtb,7,COBOL,rhul/et1/cob_rob.gtb,rhul/et1/cob_str.tok,16047,RNLGR (GTB with standard memory allocator),accept,OK,9.954,9.630,0.000,13.374,0.000,0.000,0.000,0.000,2197,2196,1,0
398,2024-08-30,17:58:48,gtb_mgw32_gcc_O3.exe,rnglr_slr1.gtb,8,COBOL,rhul/et1/cob_rob.gtb,rhul/et1/cob_str.tok,16047,RNLGR (GTB with standard memory allocator),accept,OK,9.970,9.659,0.000,13.414,0.000,0.000,0.000,0.000,2197,2196,1,0
399,2024-08-30,17:58:51,gtb_mgw32_gcc_O3.exe,rnglr_slr1.gtb,9,COBOL,rhul/et1/cob_rob.gtb,rhul/et1/cob_str.tok,16047,RNLGR (GTB with standard memory allocator),accept,OK,10.057,9.728,0.000,13.451,0.000,0.000,0.000,0.000,2197,2196,1,0
400,2024-08-30,17:58:53,gtb_mgw32_gcc_O3.exe,rnglr_slr1.gtb,10,COBOL,rhul/et1/cob_rob.gtb,rhul/et1/cob_str.tok,16047,RNLGR (GTB with standard memory allocator),accept,OK,9.980,10.281,0.000,13.475,0.000,0.000,0.000,0.000,2197,2196,1,0
401,2024-08-30,17:58:55,gtb_mgw32_gcc_O3.exe,rnglr_slr1.gtb,11,COBOL,rhul/et1/cob_rob.gtb,rhul/et1/cob_str.tok,16047,RNLGR (GTB with standard memory allocator),accept,OK,9.953,9.665,0.000,13.337,0.000,0.000,0.000,0.000,2197,2196,1,0
402,2024-08-30,17:58:58,gtb_mgw32_gcc_O3.exe,rnglr_slr1.gtb,12,COBOL,rhul/et1/cob_rob.gtb,rhul/et1/cob_str.tok,16047,RNLGR (GTB with standard memory allocator),accept,OK,9.935,9.737,0.000,13.227,0.000,0.000,0.000,0.000,2197,2196,1,0
403,2024-08-30,17:59:00,gtb_mgw32_gcc_O3.exe,rnglr_slr1.gtb,13,COBOL,rhul/et1/cob_rob.gtb,rhul/et1/cob_str.tok,16047,RNLGR (GTB with standard memory allocator),accept,OK,9.905,9.652,0.000,13.334,0.000,0.000,0.000,0.000,2197,2196,1,0
404,2024-08-30,17:59:02,gtb_mgw32_gcc_O3.exe,rnglr_slr1.gtb,14,COBOL,rhul/et1/cob_rob.gtb,rhul/et1/cob_str.tok,16047,RNLGR (GTB with standard memory allocator),accept,OK,9.526,9.225,0.000,12.855,0.000,0.000,0.000,0.000,2197,2196,1,0
405,2024-08-30,17:59:05,gtb_mgw32_gcc_O3.exe,rnglr_slr1.gtb,15,COBOL,rhul/et1/cob_rob.gtb,rhul/et1/cob_str.tok,16047,RNLGR (GTB with standard memory allocator),accept,OK,10.089,9.734,0.000,13.590,0.000,0.000,0.000,0.000,2197,2196,1,0
406,2024-08-30,17:59:07,gtb_mgw32_gcc_O3.exe,rnglr_slr1.gtb,16,COBOL,rhul/et1/cob_rob.gtb,rhul/et1/cob_str.tok,16047,RNLGR (GTB with standard memory allocator),accept,OK,9.916,9.747,0.000,13.308,0.000,0.000,0.000,0.000,2197,2196,1,0
407,2024-08-30,17:59:09,gtb_mgw32_gcc_O3.exe,rnglr_slr1.gtb,17,COBOL,rhul/et1/cob_rob.gtb,rhul/et1/cob_str.tok,16047,RNLGR (GTB with standard memory allocator),accept,OK,9.974,9.623,0.000,13.320,0.000,0.000,0.000,0.000,2197,2196,1,0
408,2024-08-30,17:59:12,gtb_mgw32_gcc_O3.exe,rnglr_slr1.gtb,18,COBOL,rhul/et1/cob_rob.gtb,rhul/et1/cob_str.tok,16047,RNLGR (GTB with standard memory allocator),accept,OK,9.863,9.661,0.000,13.472,0.000,0.000,0.000,0.000,2197,2196,1,0
409,2024-08-30,17:59:14,gtb_mgw32_gcc_O3.exe,rnglr_slr1.gtb,19,COBOL,rhul/et1/cob_rob.gtb,rhul/et1/cob_str.tok,16047,RNLGR (GTB with standard memory allocator),accept,OK,9.970,9.653,0.000,13.402,0.000,0.000,0.000,0.000,2197,2196,1,0
410,2024-08-30,17:59:16,gtb_mgw32_gcc_O3.exe,rnglr_slr1.gtb,20,COBOL,rhul/et1/cob_rob.gtb,rhul/et1/cob_str.tok,16047,RNLGR (GTB with standard memory allocator),accept,OK,10.019,9.741,0.000,13.208,0.000,0.000,0.000,0.000,2197,2196,1,0
411,2024-08-30,17:59:18,gtb_mgw32_gcc_O3.exe,rnglr_slr1.gtb,21,COBOL,rhul/et1/cob_rob.gtb,rhul/et1/cob_str.tok,16047,RNLGR (GTB with standard memory allocator),accept,OK,9.963,9.710,0.000,13.434,0.000,0.000,0.000,0.000,2197,2196,1,0
412,2024-08-30,17:59:21,gtb_mgw32_gcc_O3.exe,rnglr_slr1.gtb,22,COBOL,rhul/et1/cob_rob.gtb,rhul/et1/cob_str.tok,16047,RNLGR (GTB with standard memory allocator),accept,OK,10.025,9.711,0.000,13.559,0.000,0.000,0.000,0.000,2197,2196,1,0
413,2024-08-30,17:59:23,gtb_mgw32_gcc_O3.exe,rnglr_slr1.gtb,23,COBOL,rhul/et1/cob_rob.gtb,rhul/et1/cob_str.tok,16047,RNLGR (GTB with standard memory allocator),accept,OK,9.628,9.315,0.000,13.082,0.000,0.000,0.000,0.000,2197,2196,1,0
414,2024-08-30,17:59:25,gtb_mgw32_gcc_O3.exe,rnglr_slr1.gtb,24,COBOL,rhul/et1/cob_rob.gtb,rhul/et1/cob_str.tok,16047,RNLGR (GTB with standard memory allocator),accept,OK,9.999,9.636,0.000,13.455,0.000,0.000,0.000,0.000,2197,2196,1,0
415,2024-08-30,17:59:28,gtb_mgw32_gcc_O3.exe,rnglr_slr1.gtb,25,COBOL,rhul/et1/cob_rob.gtb,rhul/et1/cob_str.tok,16047,RNLGR (GTB with standard memory allocator),accept,OK,9.999,9.768,0.000,13.207,0.000,0.000,0.000,0.000,2197,2196,1,0
416,2024-08-30,17:59:30,gtb_mgw32_gcc_O3.exe,rnglr_slr1.gtb,26,COBOL,rhul/et1/cob_rob.gtb,rhul/et1/cob_str.tok,16047,RNLGR (GTB with standard memory allocator),accept,OK,9.966,9.708,0.000,13.452,0.000,0.000,0.000,0.000,2197,2196,1,0
417,2024-08-30,17:59:32,gtb_mgw32_gcc_O3.exe,rnglr_slr1.gtb,27,COBOL,rhul/et1/cob_rob.gtb,rhul/et1/cob_str.tok,16047,RNLGR (GTB with standard memory allocator),accept,OK,9.931,9.580,0.000,13.369,0.000,0.000,0.000,0.000,2197,2196,1,0
418,2024-08-30,17:59:35,gtb_mgw32_gcc_O3.exe,rnglr_slr1.gtb,28,COBOL,rhul/et1/cob_rob.gtb,rhul/et1/cob_str.tok,16047,RNLGR (GTB with standard memory allocator),accept,OK,10.040,9.681,0.000,13.271,0.000,0.000,0.000,0.000,2197,2196,1,0
419,2024-08-30,17:59:37,gtb_mgw32_gcc_O3.exe,rnglr_slr1.gtb,29,COBOL,rhul/et1/cob_rob.gtb,rhul/et1/cob_str.tok,16047,RNLGR (GTB with standard memory allocator),accept,OK,9.568,9.398,0.000,12.970,0.000,0.000,0.000,0.000,2197,2196,1,0
420,2024-08-30,17:59:39,gtb_mgw32_gcc_O3.exe,rnglr_slr1.gtb,30,COBOL,rhul/et1/cob_rob.gtb,rhul/et1/cob_str.tok,16047,RNLGR (GTB with standard memory allocator),accept,OK,9.617,9.391,0.000,12.977,0.000,0.000,0.000,0.000,2197,2196,1,0
421,2024-08-30,17:59:41,gtb_mgw32_gcc_O3_pool.exe,rnglr_slr1.gtb,1,COBOL,rhul/et1/cob_rob.gtb,rhul/et1/cob_str.tok,16047,RNLGR (GTB with Pool),accept,OK,10.332,10.053,0.000,12.637,0.000,0.000,0.000,0.000,2197,2196,1,0
422,2024-08-30,17:59:44,gtb_mgw32_gcc_O3_pool.exe,rnglr_slr1.gtb,2,COBOL,rhul/et1/cob_rob.gtb,rhul/et1/cob_str.tok,16047,RNLGR (GTB with Pool),accept,OK,10.311,10.014,0.000,12.527,0.000,0.000,0.000,0.000,2197,2196,1,0
423,2024-08-30,17:59:46,gtb_mgw32_gcc_O3_pool.exe,rnglr_slr1.gtb,3,COBOL,rhul/et1/cob_rob.gtb,rhul/et1/cob_str.tok,16047,RNLGR (GTB with Pool),accept,OK,10.330,9.941,0.000,13.060,0.000,0.000,0.000,0.000,2197,2196,1,0
424,2024-08-30,17:59:49,gtb_mgw32_gcc_O3_pool.exe,rnglr_slr1.gtb,4,COBOL,rhul/et1/cob_rob.gtb,rhul/et1/cob_str.tok,16047,RNLGR (GTB with Pool),accept,OK,10.375,10.005,0.000,12.649,0.000,0.000,0.000,0.000,2197,2196,1,0
425,2024-08-30,17:59:51,gtb_mgw32_gcc_O3_pool.exe,rnglr_slr1.gtb,5,COBOL,rhul/et1/cob_rob.gtb,rhul/et1/cob_str.tok,16047,RNLGR (GTB with Pool),accept,OK,10.335,9.925,0.000,12.544,0.000,0.000,0.000,0.000,2197,2196,1,0
426,2024-08-30,17:59:53,gtb_mgw32_gcc_O3_pool.exe,rnglr_slr1.gtb,6,COBOL,rhul/et1/cob_rob.gtb,rhul/et1/cob_str.tok,16047,RNLGR (GTB with Pool),accept,OK,10.274,9.935,0.000,12.770,0.000,0.000,0.000,0.000,2197,2196,1,0
427,2024-08-30,17:59:56,gtb_mgw32_gcc_O3_pool.exe,rnglr_slr1.gtb,7,COBOL,rhul/et1/cob_rob.gtb,rhul/et1/cob_str.tok,16047,RNLGR (GTB with Pool),accept,OK,9.900,9.603,0.000,12.543,0.000,0.000,0.000,0.000,2197,2196,1,0
428,2024-08-30,17:59:58,gtb_mgw32_gcc_O3_pool.exe,rnglr_slr1.gtb,8,COBOL,rhul/et1/cob_rob.gtb,rhul/et1/cob_str.tok,16047,RNLGR (GTB with Pool),accept,OK,9.925,9.720,0.000,12.408,0.000,0.000,0.000,0.000,2197,2196,1,0
429,2024-08-30,18:00:00,gtb_mgw32_gcc_O3_pool.exe,rnglr_slr1.gtb,9,COBOL,rhul/et1/cob_rob.gtb,rhul/et1/cob_str.tok,16047,RNLGR (GTB with Pool),accept,OK,10.405,10.074,0.000,12.658,0.000,0.000,0.000,0.000,2197,2196,1,0
430,2024-08-30,18:00:03,gtb_mgw32_gcc_O3_pool.exe,rnglr_slr1.gtb,10,COBOL,rhul/et1/cob_rob.gtb,rhul/et1/cob_str.tok,16047,RNLGR (GTB with Pool),accept,OK,10.248,9.956,0.000,12.645,0.000,0.000,0.000,0.000,2197,2196,1,0
431,2024-08-30,18:00:05,gtb_mgw32_gcc_O3_pool.exe,rnglr_slr1.gtb,11,COBOL,rhul/et1/cob_rob.gtb,rhul/et1/cob_str.tok,16047,RNLGR (GTB with Pool),accept,OK,10.295,9.938,0.000,12.541,0.000,0.000,0.000,0.000,2197,2196,1,0
432,2024-08-30,18:00:08,gtb_mgw32_gcc_O3_pool.exe,rnglr_slr1.gtb,12,COBOL,rhul/et1/cob_rob.gtb,rhul/et1/cob_str.tok,16047,RNLGR (GTB with Pool),accept,OK,11.004,10.474,0.000,12.699,0.000,0.000,0.000,0.000,2197,2196,1,0
433,2024-08-30,18:00:10,gtb_mgw32_gcc_O3_pool.exe,rnglr_slr1.gtb,13,COBOL,rhul/et1/cob_rob.gtb,rhul/et1/cob_str.tok,16047,RNLGR (GTB with Pool),accept,OK,10.689,9.870,0.000,12.908,0.000,0.000,0.000,0.000,2197,2196,1,0
434,2024-08-30,18:00:12,gtb_mgw32_gcc_O3_pool.exe,rnglr_slr1.gtb,14,COBOL,rhul/et1/cob_rob.gtb,rhul/et1/cob_str.tok,16047,RNLGR (GTB with Pool),accept,OK,9.801,9.764,0.000,12.582,0.000,0.000,0.000,0.000,2197,2196,1,0
435,2024-08-30,18:00:15,gtb_mgw32_gcc_O3_pool.exe,rnglr_slr1.gtb,15,COBOL,rhul/et1/cob_rob.gtb,rhul/et1/cob_str.tok,16047,RNLGR (GTB with Pool),accept,OK,10.339,10.057,0.000,12.634,0.000,0.000,0.000,0.000,2197,2196,1,0
436,2024-08-30,18:00:17,gtb_mgw32_gcc_O3_pool.exe,rnglr_slr1.gtb,16,COBOL,rhul/et1/cob_rob.gtb,rhul/et1/cob_str.tok,16047,RNLGR (GTB with Pool),accept,OK,10.251,9.950,0.000,12.706,0.000,0.000,0.000,0.000,2197,2196,1,0
437,2024-08-30,18:00:19,gtb_mgw32_gcc_O3_pool.exe,rnglr_slr1.gtb,17,COBOL,rhul/et1/cob_rob.gtb,rhul/et1/cob_str.tok,16047,RNLGR (GTB with Pool),accept,OK,10.217,9.926,0.000,12.584,0.000,0.000,0.000,0.000,2197,2196,1,0
438,2024-08-30,18:00:22,gtb_mgw32_gcc_O3_pool.exe,rnglr_slr1.gtb,18,COBOL,rhul/et1/cob_rob.gtb,rhul/et1/cob_str.tok,16047,RNLGR (GTB with Pool),accept,OK,9.863,9.602,0.000,12.174,0.000,0.000,0.000,0.000,2197,2196,1,0
439,2024-08-30,18:00:24,gtb_mgw32_gcc_O3_pool.exe,rnglr_slr1.gtb,19,COBOL,rhul/et1/cob_rob.gtb,rhul/et1/cob_str.tok,16047,RNLGR (GTB with Pool),accept,OK,10.314,10.066,0.000,13.082,0.000,0.000,0.000,0.000,2197,2196,1,0
440,2024-08-30,18:00:27,gtb_mgw32_gcc_O3_pool.exe,rnglr_slr1.gtb,20,COBOL,rhul/et1/cob_rob.gtb,rhul/et1/cob_str.tok,16047,RNLGR (GTB with Pool),accept,OK,9.896,9.562,0.000,12.197,0.000,0.000,0.000,0.000,2197,2196,1,0
441,2024-08-30,18:00:29,gtb_mgw32_gcc_O3_pool.exe,rnglr_slr1.gtb,21,COBOL,rhul/et1/cob_rob.gtb,rhul/et1/cob_str.tok,16047,RNLGR (GTB with Pool),accept,OK,10.233,9.975,0.000,12.718,0.000,0.000,0.000,0.000,2197,2196,1,0
442,2024-08-30,18:00:31,gtb_mgw32_gcc_O3_pool.exe,rnglr_slr1.gtb,22,COBOL,rhul/et1/cob_rob.gtb,rhul/et1/cob_str.tok,16047,RNLGR (GTB with Pool),accept,OK,10.296,9.950,0.000,12.599,0.000,0.000,0.000,0.000,2197,2196,1,0
443,2024-08-30,18:00:34,gtb_mgw32_gcc_O3_pool.exe,rnglr_slr1.gtb,23,COBOL,rhul/et1/cob_rob.gtb,rhul/et1/cob_str.tok,16047,RNLGR (GTB with Pool),accept,OK,10.347,9.986,0.000,12.604,0.000,0.000,0.000,0.000,2197,2196,1,0
444,2024-08-30,18:00:36,gtb_mgw32_gcc_O3_pool.exe,rnglr_slr1.gtb,24,COBOL,rhul/et1/cob_rob.gtb,rhul/et1/cob_str.tok,16047,RNLGR (GTB with Pool),accept,OK,10.305,9.601,0.000,12.186,0.000,0.000,0.000,0.000,2197,2196,1,0
445,2024-08-30,18:00:38,gtb_mgw32_gcc_O3_pool.exe,rnglr_slr1.gtb,25,COBOL,rhul/et1/cob_rob.gtb,rhul/et1/cob_str.tok,16047,RNLGR (GTB with Pool),accept,OK,10.431,10.126,0.000,12.653,0.000,0.000,0.000,0.000,2197,2196,1,0
446,2024-08-30,18:00:41,gtb_mgw32_gcc_O3_pool.exe,rnglr_slr1.gtb,26,COBOL,rhul/et1/cob_rob.gtb,rhul/et1/cob_str.tok,16047,RNLGR (GTB with Pool),accept,OK,10.372,10.048,0.000,12.679,0.000,0.000,0.000,0.000,2197,2196,1,0
447,2024-08-30,18:00:43,gtb_mgw32_gcc_O3_pool.exe,rnglr_slr1.gtb,27,COBOL,rhul/et1/cob_rob.gtb,rhul/et1/cob_str.tok,16047,RNLGR (GTB with Pool),accept,OK,10.294,10.003,0.000,12.582,0.000,0.000,0.000,0.000,2197,2196,1,0
448,2024-08-30,18:00:46,gtb_mgw32_gcc_O3_pool.exe,rnglr_slr1.gtb,28,COBOL,rhul/et1/cob_rob.gtb,rhul/et1/cob_str.tok,16047,RNLGR (GTB with Pool),accept,OK,10.350,10.038,0.000,12.703,0.000,0.000,0.000,0.000,2197,2196,1,0
449,2024-08-30,18:00:48,gtb_mgw32_gcc_O3_pool.exe,rnglr_slr1.gtb,29,COBOL,rhul/et1/cob_rob.gtb,rhul/et1/cob_str.tok,16047,RNLGR (GTB with Pool),accept,OK,10.327,10.028,0.000,12.551,0.000,0.000,0.000,0.000,2197,2196,1,0
450,2024-08-30,18:00:50,gtb_mgw32_gcc_O3_pool.exe,rnglr_slr1.gtb,30,COBOL,rhul/et1/cob_rob.gtb,rhul/et1/cob_str.tok,16047,RNLGR (GTB with Pool),accept,OK,10.310,10.008,0.000,13.059,0.000,0.000,0.000,0.000,2197,2196,1,0
